order,exist_tell,story,question,answer,choices,wrong_answer1,wrong_answer2,prompt,prompt_token_length,index
1,False,"Jacob and Jack entered the den.
The belt is in the tank.
Jacob moved the belt to the case.
Jacob exited the den.
Jack moved the belt to the urn.
Jack exited the den.
Jacob and Jack entered the waiting_room.",Where does Jack really think the belt is?,urn,"A. tank, B. case, C. urn",tank,case,"You are a helpful assistant. When the user asks you a question, you can not show any reasoning or thinking process but directly provide the answer within <answer> </answer> tags. You need to provide an answer within 10 tokens and you do not need to show your reasoning process about the psychological changes of characters.
Note: You should assume the following.
(1) An agent witnesses everything and every movement before exiting a room.
(2) An agent A can infer another agent B's mental state only if A and B have been in the same room, or have private or public interactions.
<|im_end|>
<|im_start|>user
Read the following story and answer the question. 
Story: Jacob and Jack entered the den.
The belt is in the tank.
Jacob moved the belt to the case.
Jacob exited the den.
Jack moved the belt to the urn.
Jack exited the den.
Jacob and Jack entered the waiting_room.
Question: Where does Jack really think the belt is?
<|im_end|>
<|im_start|>assistant
<answer>",205,"{'A-': 205, 'V': 171, 'QK_C': 190, 'QK_I': 194, 'VK_C': 165, 'VK_I': 168, 'start': 136}"
1,False,"Alexander and Emily entered the den.
The banana is in the box.
Alexander moved the banana to the urn.
Alexander exited the den.
Emily moved the banana to the drawer.
Emily exited the den.
Alexander and Emily entered the waiting_room.",Where does Alexander really think the banana is?,urn,"A. box, B. urn, C. drawer",box,drawer,"You are a helpful assistant. When the user asks you a question, you can not show any reasoning or thinking process but directly provide the answer within <answer> </answer> tags. You need to provide an answer within 10 tokens and you do not need to show your reasoning process about the psychological changes of characters.
Note: You should assume the following.
(1) An agent witnesses everything and every movement before exiting a room.
(2) An agent A can infer another agent B's mental state only if A and B have been in the same room, or have private or public interactions.
<|im_end|>
<|im_start|>user
Read the following story and answer the question. 
Story: Alexander and Emily entered the den.
The banana is in the box.
Alexander moved the banana to the urn.
Alexander exited the den.
Emily moved the banana to the drawer.
Emily exited the den.
Alexander and Emily entered the waiting_room.
Question: Where does Alexander really think the banana is?
<|im_end|>
<|im_start|>assistant
<answer>",205,"{'A-': 205, 'V': 158, 'QK_C': 190, 'QK_I': 194, 'VK_C': 152, 'VK_I': 155, 'start': 136}"
1,False,"Emma and Alexander entered the hall.
The corn is in the bag.
Emma moved the corn to the basket.
Emma exited the hall.
Alexander moved the corn to the container.
Alexander exited the hall.
Emma and Alexander entered the waiting_room.",Where does Emma really think the corn is?,basket,"A. bag, B. basket, C. container",bag,container,"You are a helpful assistant. When the user asks you a question, you can not show any reasoning or thinking process but directly provide the answer within <answer> </answer> tags. You need to provide an answer within 10 tokens and you do not need to show your reasoning process about the psychological changes of characters.
Note: You should assume the following.
(1) An agent witnesses everything and every movement before exiting a room.
(2) An agent A can infer another agent B's mental state only if A and B have been in the same room, or have private or public interactions.
<|im_end|>
<|im_start|>user
Read the following story and answer the question. 
Story: Emma and Alexander entered the hall.
The corn is in the bag.
Emma moved the corn to the basket.
Emma exited the hall.
Alexander moved the corn to the container.
Alexander exited the hall.
Emma and Alexander entered the waiting_room.
Question: Where does Emma really think the corn is?
<|im_end|>
<|im_start|>assistant
<answer>",205,"{'A-': 205, 'V': 158, 'QK_C': 190, 'QK_I': 194, 'VK_C': 152, 'VK_I': 155, 'start': 136}"
1,False,"William and Jackson entered the office.
The apple is in the container.
William moved the apple to the jar.
William exited the office.
Jackson moved the apple to the basket.
Jackson exited the office.
William and Jackson entered the waiting_room.",Where does William really think the apple is?,jar,"A. container, B. jar, C. basket",container,basket,"You are a helpful assistant. When the user asks you a question, you can not show any reasoning or thinking process but directly provide the answer within <answer> </answer> tags. You need to provide an answer within 10 tokens and you do not need to show your reasoning process about the psychological changes of characters.
Note: You should assume the following.
(1) An agent witnesses everything and every movement before exiting a room.
(2) An agent A can infer another agent B's mental state only if A and B have been in the same room, or have private or public interactions.
<|im_end|>
<|im_start|>user
Read the following story and answer the question. 
Story: William and Jackson entered the office.
The apple is in the container.
William moved the apple to the jar.
William exited the office.
Jackson moved the apple to the basket.
Jackson exited the office.
William and Jackson entered the waiting_room.
Question: Where does William really think the apple is?
<|im_end|>
<|im_start|>assistant
<answer>",205,"{'A-': 205, 'V': 158, 'QK_C': 190, 'QK_I': 194, 'VK_C': 152, 'VK_I': 155, 'start': 136}"
1,False,"Elizabeth and Emma entered the den.
The tie is in the drawer.
Elizabeth moved the tie to the packet.
Elizabeth exited the den.
Emma moved the tie to the holder.
Emma exited the den.
Elizabeth and Emma entered the waiting_room.",Where does Elizabeth really think the tie is?,packet,"A. drawer, B. packet, C. holder",drawer,holder,"You are a helpful assistant. When the user asks you a question, you can not show any reasoning or thinking process but directly provide the answer within <answer> </answer> tags. You need to provide an answer within 10 tokens and you do not need to show your reasoning process about the psychological changes of characters.
Note: You should assume the following.
(1) An agent witnesses everything and every movement before exiting a room.
(2) An agent A can infer another agent B's mental state only if A and B have been in the same room, or have private or public interactions.
<|im_end|>
<|im_start|>user
Read the following story and answer the question. 
Story: Elizabeth and Emma entered the den.
The tie is in the drawer.
Elizabeth moved the tie to the packet.
Elizabeth exited the den.
Emma moved the tie to the holder.
Emma exited the den.
Elizabeth and Emma entered the waiting_room.
Question: Where does Elizabeth really think the tie is?
<|im_end|>
<|im_start|>assistant
<answer>",205,"{'A-': 205, 'V': 158, 'QK_C': 190, 'QK_I': 194, 'VK_C': 152, 'VK_I': 155, 'start': 136}"
1,False,"Jacob and Alexander entered the hall.
The banana is in the tin.
Jacob moved the banana to the tank.
Jacob exited the hall.
Alexander moved the banana to the bin.
Alexander exited the hall.
Jacob and Alexander entered the waiting_room.",Where does Alexander really think the banana is?,bin,"A. tin, B. tank, C. bin",tin,tank,"You are a helpful assistant. When the user asks you a question, you can not show any reasoning or thinking process but directly provide the answer within <answer> </answer> tags. You need to provide an answer within 10 tokens and you do not need to show your reasoning process about the psychological changes of characters.
Note: You should assume the following.
(1) An agent witnesses everything and every movement before exiting a room.
(2) An agent A can infer another agent B's mental state only if A and B have been in the same room, or have private or public interactions.
<|im_end|>
<|im_start|>user
Read the following story and answer the question. 
Story: Jacob and Alexander entered the hall.
The banana is in the tin.
Jacob moved the banana to the tank.
Jacob exited the hall.
Alexander moved the banana to the bin.
Alexander exited the hall.
Jacob and Alexander entered the waiting_room.
Question: Where does Alexander really think the banana is?
<|im_end|>
<|im_start|>assistant
<answer>",205,"{'A-': 205, 'V': 171, 'QK_C': 190, 'QK_I': 194, 'VK_C': 165, 'VK_I': 168, 'start': 136}"
1,False,"Jackson and Jack entered the office.
The belt is in the basket.
Jackson moved the belt to the wallet.
Jackson exited the office.
Jack moved the belt to the bag.
Jack exited the office.
Jackson and Jack entered the waiting_room.",Where does Jackson really think the belt is?,wallet,"A. basket, B. wallet, C. bag",basket,bag,"You are a helpful assistant. When the user asks you a question, you can not show any reasoning or thinking process but directly provide the answer within <answer> </answer> tags. You need to provide an answer within 10 tokens and you do not need to show your reasoning process about the psychological changes of characters.
Note: You should assume the following.
(1) An agent witnesses everything and every movement before exiting a room.
(2) An agent A can infer another agent B's mental state only if A and B have been in the same room, or have private or public interactions.
<|im_end|>
<|im_start|>user
Read the following story and answer the question. 
Story: Jackson and Jack entered the office.
The belt is in the basket.
Jackson moved the belt to the wallet.
Jackson exited the office.
Jack moved the belt to the bag.
Jack exited the office.
Jackson and Jack entered the waiting_room.
Question: Where does Jackson really think the belt is?
<|im_end|>
<|im_start|>assistant
<answer>",205,"{'A-': 205, 'V': 158, 'QK_C': 190, 'QK_I': 194, 'VK_C': 152, 'VK_I': 155, 'start': 136}"
1,False,"Jack and Emma entered the office.
The tie is in the bucket.
Jack moved the tie to the bag.
Jack exited the office.
Emma moved the tie to the drawer.
Emma exited the office.
Jack and Emma entered the waiting_room.",Where does Jack really think the tie is?,bag,"A. bucket, B. bag, C. drawer",bucket,drawer,"You are a helpful assistant. When the user asks you a question, you can not show any reasoning or thinking process but directly provide the answer within <answer> </answer> tags. You need to provide an answer within 10 tokens and you do not need to show your reasoning process about the psychological changes of characters.
Note: You should assume the following.
(1) An agent witnesses everything and every movement before exiting a room.
(2) An agent A can infer another agent B's mental state only if A and B have been in the same room, or have private or public interactions.
<|im_end|>
<|im_start|>user
Read the following story and answer the question. 
Story: Jack and Emma entered the office.
The tie is in the bucket.
Jack moved the tie to the bag.
Jack exited the office.
Emma moved the tie to the drawer.
Emma exited the office.
Jack and Emma entered the waiting_room.
Question: Where does Jack really think the tie is?
<|im_end|>
<|im_start|>assistant
<answer>",205,"{'A-': 205, 'V': 158, 'QK_C': 190, 'QK_I': 194, 'VK_C': 152, 'VK_I': 155, 'start': 136}"
1,False,"Alexander and Jacob entered the hall.
The orange is in the bucket.
Alexander moved the orange to the crate.
Alexander exited the hall.
Jacob moved the orange to the holder.
Jacob exited the hall.
Alexander and Jacob entered the waiting_room.",Where does Jacob really think the orange is?,holder,"A. bucket, B. crate, C. holder",bucket,crate,"You are a helpful assistant. When the user asks you a question, you can not show any reasoning or thinking process but directly provide the answer within <answer> </answer> tags. You need to provide an answer within 10 tokens and you do not need to show your reasoning process about the psychological changes of characters.
Note: You should assume the following.
(1) An agent witnesses everything and every movement before exiting a room.
(2) An agent A can infer another agent B's mental state only if A and B have been in the same room, or have private or public interactions.
<|im_end|>
<|im_start|>user
Read the following story and answer the question. 
Story: Alexander and Jacob entered the hall.
The orange is in the bucket.
Alexander moved the orange to the crate.
Alexander exited the hall.
Jacob moved the orange to the holder.
Jacob exited the hall.
Alexander and Jacob entered the waiting_room.
Question: Where does Jacob really think the orange is?
<|im_end|>
<|im_start|>assistant
<answer>",205,"{'A-': 205, 'V': 171, 'QK_C': 190, 'QK_I': 194, 'VK_C': 165, 'VK_I': 168, 'start': 136}"
1,False,"Jacob and Jack entered the office.
The pear is in the tank.
Jacob moved the pear to the holder.
Jacob exited the office.
Jack moved the pear to the bin.
Jack exited the office.
Jacob and Jack entered the waiting_room.",Where does Jacob really think the pear is?,holder,"A. tank, B. holder, C. bin",tank,bin,"You are a helpful assistant. When the user asks you a question, you can not show any reasoning or thinking process but directly provide the answer within <answer> </answer> tags. You need to provide an answer within 10 tokens and you do not need to show your reasoning process about the psychological changes of characters.
Note: You should assume the following.
(1) An agent witnesses everything and every movement before exiting a room.
(2) An agent A can infer another agent B's mental state only if A and B have been in the same room, or have private or public interactions.
<|im_end|>
<|im_start|>user
Read the following story and answer the question. 
Story: Jacob and Jack entered the office.
The pear is in the tank.
Jacob moved the pear to the holder.
Jacob exited the office.
Jack moved the pear to the bin.
Jack exited the office.
Jacob and Jack entered the waiting_room.
Question: Where does Jacob really think the pear is?
<|im_end|>
<|im_start|>assistant
<answer>",205,"{'A-': 205, 'V': 158, 'QK_C': 190, 'QK_I': 194, 'VK_C': 152, 'VK_I': 155, 'start': 136}"
1,False,"Emily and William entered the office.
The hat is in the holder.
Emily moved the hat to the bag.
Emily exited the office.
William moved the hat to the packet.
William exited the office.
Emily and William entered the waiting_room.",Where does William really think the hat is?,packet,"A. holder, B. bag, C. packet",holder,bag,"You are a helpful assistant. When the user asks you a question, you can not show any reasoning or thinking process but directly provide the answer within <answer> </answer> tags. You need to provide an answer within 10 tokens and you do not need to show your reasoning process about the psychological changes of characters.
Note: You should assume the following.
(1) An agent witnesses everything and every movement before exiting a room.
(2) An agent A can infer another agent B's mental state only if A and B have been in the same room, or have private or public interactions.
<|im_end|>
<|im_start|>user
Read the following story and answer the question. 
Story: Emily and William entered the office.
The hat is in the holder.
Emily moved the hat to the bag.
Emily exited the office.
William moved the hat to the packet.
William exited the office.
Emily and William entered the waiting_room.
Question: Where does William really think the hat is?
<|im_end|>
<|im_start|>assistant
<answer>",205,"{'A-': 205, 'V': 171, 'QK_C': 190, 'QK_I': 194, 'VK_C': 165, 'VK_I': 168, 'start': 136}"
1,False,"Jacob and Jack entered the study.
The belt is in the container.
Jacob moved the belt to the tin.
Jacob exited the study.
Jack moved the belt to the can.
Jack exited the study.
Jacob and Jack entered the waiting_room.",Where does Jack really think the belt is?,can,"A. container, B. tin, C. can",container,tin,"You are a helpful assistant. When the user asks you a question, you can not show any reasoning or thinking process but directly provide the answer within <answer> </answer> tags. You need to provide an answer within 10 tokens and you do not need to show your reasoning process about the psychological changes of characters.
Note: You should assume the following.
(1) An agent witnesses everything and every movement before exiting a room.
(2) An agent A can infer another agent B's mental state only if A and B have been in the same room, or have private or public interactions.
<|im_end|>
<|im_start|>user
Read the following story and answer the question. 
Story: Jacob and Jack entered the study.
The belt is in the container.
Jacob moved the belt to the tin.
Jacob exited the study.
Jack moved the belt to the can.
Jack exited the study.
Jacob and Jack entered the waiting_room.
Question: Where does Jack really think the belt is?
<|im_end|>
<|im_start|>assistant
<answer>",205,"{'A-': 205, 'V': 15, 'QK_C': 190, 'QK_I': 194, 'VK_C': -1, 'VK_I': -1, 'start': 136}"
1,False,"Charlotte and Jack entered the study.
The tie is in the wallet.
Charlotte moved the tie to the basket.
Charlotte exited the study.
Jack moved the tie to the bin.
Jack exited the study.
Charlotte and Jack entered the waiting_room.",Where does Charlotte really think the tie is?,basket,"A. wallet, B. basket, C. bin",wallet,bin,"You are a helpful assistant. When the user asks you a question, you can not show any reasoning or thinking process but directly provide the answer within <answer> </answer> tags. You need to provide an answer within 10 tokens and you do not need to show your reasoning process about the psychological changes of characters.
Note: You should assume the following.
(1) An agent witnesses everything and every movement before exiting a room.
(2) An agent A can infer another agent B's mental state only if A and B have been in the same room, or have private or public interactions.
<|im_end|>
<|im_start|>user
Read the following story and answer the question. 
Story: Charlotte and Jack entered the study.
The tie is in the wallet.
Charlotte moved the tie to the basket.
Charlotte exited the study.
Jack moved the tie to the bin.
Jack exited the study.
Charlotte and Jack entered the waiting_room.
Question: Where does Charlotte really think the tie is?
<|im_end|>
<|im_start|>assistant
<answer>",205,"{'A-': 205, 'V': 158, 'QK_C': 190, 'QK_I': 194, 'VK_C': 152, 'VK_I': 155, 'start': 136}"
1,False,"Alexander and Charlotte entered the office.
The orange is in the tin.
Alexander moved the orange to the drawer.
Alexander exited the office.
Charlotte moved the orange to the bin.
Charlotte exited the office.
Alexander and Charlotte entered the waiting_room.",Where does Charlotte really think the orange is?,bin,"A. tin, B. drawer, C. bin",tin,drawer,"You are a helpful assistant. When the user asks you a question, you can not show any reasoning or thinking process but directly provide the answer within <answer> </answer> tags. You need to provide an answer within 10 tokens and you do not need to show your reasoning process about the psychological changes of characters.
Note: You should assume the following.
(1) An agent witnesses everything and every movement before exiting a room.
(2) An agent A can infer another agent B's mental state only if A and B have been in the same room, or have private or public interactions.
<|im_end|>
<|im_start|>user
Read the following story and answer the question. 
Story: Alexander and Charlotte entered the office.
The orange is in the tin.
Alexander moved the orange to the drawer.
Alexander exited the office.
Charlotte moved the orange to the bin.
Charlotte exited the office.
Alexander and Charlotte entered the waiting_room.
Question: Where does Charlotte really think the orange is?
<|im_end|>
<|im_start|>assistant
<answer>",205,"{'A-': 205, 'V': 171, 'QK_C': 190, 'QK_I': 194, 'VK_C': 165, 'VK_I': 168, 'start': 136}"
1,False,"Elizabeth and Alexander entered the den.
The coat is in the drawer.
Elizabeth moved the coat to the bucket.
Elizabeth exited the den.
Alexander moved the coat to the basket.
Alexander exited the den.
Elizabeth and Alexander entered the waiting_room.",Where does Alexander really think the coat is?,basket,"A. drawer, B. bucket, C. basket",drawer,bucket,"You are a helpful assistant. When the user asks you a question, you can not show any reasoning or thinking process but directly provide the answer within <answer> </answer> tags. You need to provide an answer within 10 tokens and you do not need to show your reasoning process about the psychological changes of characters.
Note: You should assume the following.
(1) An agent witnesses everything and every movement before exiting a room.
(2) An agent A can infer another agent B's mental state only if A and B have been in the same room, or have private or public interactions.
<|im_end|>
<|im_start|>user
Read the following story and answer the question. 
Story: Elizabeth and Alexander entered the den.
The coat is in the drawer.
Elizabeth moved the coat to the bucket.
Elizabeth exited the den.
Alexander moved the coat to the basket.
Alexander exited the den.
Elizabeth and Alexander entered the waiting_room.
Question: Where does Alexander really think the coat is?
<|im_end|>
<|im_start|>assistant
<answer>",205,"{'A-': 205, 'V': 171, 'QK_C': 190, 'QK_I': 194, 'VK_C': 165, 'VK_I': 168, 'start': 136}"
1,False,"Emily and James entered the hall.
The belt is in the packet.
Emily moved the belt to the box.
Emily exited the hall.
James moved the belt to the wallet.
James exited the hall.
Emily and James entered the waiting_room.",Where does Emily really think the belt is?,box,"A. packet, B. box, C. wallet",packet,wallet,"You are a helpful assistant. When the user asks you a question, you can not show any reasoning or thinking process but directly provide the answer within <answer> </answer> tags. You need to provide an answer within 10 tokens and you do not need to show your reasoning process about the psychological changes of characters.
Note: You should assume the following.
(1) An agent witnesses everything and every movement before exiting a room.
(2) An agent A can infer another agent B's mental state only if A and B have been in the same room, or have private or public interactions.
<|im_end|>
<|im_start|>user
Read the following story and answer the question. 
Story: Emily and James entered the hall.
The belt is in the packet.
Emily moved the belt to the box.
Emily exited the hall.
James moved the belt to the wallet.
James exited the hall.
Emily and James entered the waiting_room.
Question: Where does Emily really think the belt is?
<|im_end|>
<|im_start|>assistant
<answer>",205,"{'A-': 205, 'V': 158, 'QK_C': 190, 'QK_I': 194, 'VK_C': 152, 'VK_I': 155, 'start': 136}"
1,False,"Elizabeth and James entered the hall.
The apple is in the holder.
Elizabeth moved the apple to the jar.
Elizabeth exited the hall.
James moved the apple to the container.
James exited the hall.
Elizabeth and James entered the waiting_room.",Where does Elizabeth really think the apple is?,jar,"A. holder, B. jar, C. container",holder,container,"You are a helpful assistant. When the user asks you a question, you can not show any reasoning or thinking process but directly provide the answer within <answer> </answer> tags. You need to provide an answer within 10 tokens and you do not need to show your reasoning process about the psychological changes of characters.
Note: You should assume the following.
(1) An agent witnesses everything and every movement before exiting a room.
(2) An agent A can infer another agent B's mental state only if A and B have been in the same room, or have private or public interactions.
<|im_end|>
<|im_start|>user
Read the following story and answer the question. 
Story: Elizabeth and James entered the hall.
The apple is in the holder.
Elizabeth moved the apple to the jar.
Elizabeth exited the hall.
James moved the apple to the container.
James exited the hall.
Elizabeth and James entered the waiting_room.
Question: Where does Elizabeth really think the apple is?
<|im_end|>
<|im_start|>assistant
<answer>",205,"{'A-': 205, 'V': 158, 'QK_C': 190, 'QK_I': 194, 'VK_C': 152, 'VK_I': 155, 'start': 136}"
1,False,"Jacob and Jack entered the office.
The shirt is in the urn.
Jacob moved the shirt to the wallet.
Jacob exited the office.
Jack moved the shirt to the case.
Jack exited the office.
Jacob and Jack entered the waiting_room.",Where does Jacob really think the shirt is?,wallet,"A. urn, B. wallet, C. case",urn,case,"You are a helpful assistant. When the user asks you a question, you can not show any reasoning or thinking process but directly provide the answer within <answer> </answer> tags. You need to provide an answer within 10 tokens and you do not need to show your reasoning process about the psychological changes of characters.
Note: You should assume the following.
(1) An agent witnesses everything and every movement before exiting a room.
(2) An agent A can infer another agent B's mental state only if A and B have been in the same room, or have private or public interactions.
<|im_end|>
<|im_start|>user
Read the following story and answer the question. 
Story: Jacob and Jack entered the office.
The shirt is in the urn.
Jacob moved the shirt to the wallet.
Jacob exited the office.
Jack moved the shirt to the case.
Jack exited the office.
Jacob and Jack entered the waiting_room.
Question: Where does Jacob really think the shirt is?
<|im_end|>
<|im_start|>assistant
<answer>",205,"{'A-': 205, 'V': 158, 'QK_C': 190, 'QK_I': 194, 'VK_C': 152, 'VK_I': 155, 'start': 136}"
1,False,"Charlotte and Alexander entered the study.
The hat is in the pot.
Charlotte moved the hat to the wallet.
Charlotte exited the study.
Alexander moved the hat to the crate.
Alexander exited the study.
Charlotte and Alexander entered the waiting_room.",Where does Alexander really think the hat is?,crate,"A. pot, B. wallet, C. crate",pot,wallet,"You are a helpful assistant. When the user asks you a question, you can not show any reasoning or thinking process but directly provide the answer within <answer> </answer> tags. You need to provide an answer within 10 tokens and you do not need to show your reasoning process about the psychological changes of characters.
Note: You should assume the following.
(1) An agent witnesses everything and every movement before exiting a room.
(2) An agent A can infer another agent B's mental state only if A and B have been in the same room, or have private or public interactions.
<|im_end|>
<|im_start|>user
Read the following story and answer the question. 
Story: Charlotte and Alexander entered the study.
The hat is in the pot.
Charlotte moved the hat to the wallet.
Charlotte exited the study.
Alexander moved the hat to the crate.
Alexander exited the study.
Charlotte and Alexander entered the waiting_room.
Question: Where does Alexander really think the hat is?
<|im_end|>
<|im_start|>assistant
<answer>",205,"{'A-': 205, 'V': 171, 'QK_C': 190, 'QK_I': 194, 'VK_C': 165, 'VK_I': 168, 'start': 136}"
1,False,"Jacob and Jack entered the hall.
The coat is in the packet.
Jacob moved the coat to the case.
Jacob exited the hall.
Jack moved the coat to the box.
Jack exited the hall.
Jacob and Jack entered the waiting_room.",Where does Jacob really think the coat is?,case,"A. packet, B. case, C. box",packet,box,"You are a helpful assistant. When the user asks you a question, you can not show any reasoning or thinking process but directly provide the answer within <answer> </answer> tags. You need to provide an answer within 10 tokens and you do not need to show your reasoning process about the psychological changes of characters.
Note: You should assume the following.
(1) An agent witnesses everything and every movement before exiting a room.
(2) An agent A can infer another agent B's mental state only if A and B have been in the same room, or have private or public interactions.
<|im_end|>
<|im_start|>user
Read the following story and answer the question. 
Story: Jacob and Jack entered the hall.
The coat is in the packet.
Jacob moved the coat to the case.
Jacob exited the hall.
Jack moved the coat to the box.
Jack exited the hall.
Jacob and Jack entered the waiting_room.
Question: Where does Jacob really think the coat is?
<|im_end|>
<|im_start|>assistant
<answer>",205,"{'A-': 205, 'V': 158, 'QK_C': 190, 'QK_I': 194, 'VK_C': 152, 'VK_I': 155, 'start': 136}"
1,False,"Emma and Emily entered the hall.
The banana is in the basket.
Emma moved the banana to the packet.
Emma exited the hall.
Emily moved the banana to the tin.
Emily exited the hall.
Emma and Emily entered the waiting_room.",Where does Emily really think the banana is?,tin,"A. basket, B. packet, C. tin",basket,packet,"You are a helpful assistant. When the user asks you a question, you can not show any reasoning or thinking process but directly provide the answer within <answer> </answer> tags. You need to provide an answer within 10 tokens and you do not need to show your reasoning process about the psychological changes of characters.
Note: You should assume the following.
(1) An agent witnesses everything and every movement before exiting a room.
(2) An agent A can infer another agent B's mental state only if A and B have been in the same room, or have private or public interactions.
<|im_end|>
<|im_start|>user
Read the following story and answer the question. 
Story: Emma and Emily entered the hall.
The banana is in the basket.
Emma moved the banana to the packet.
Emma exited the hall.
Emily moved the banana to the tin.
Emily exited the hall.
Emma and Emily entered the waiting_room.
Question: Where does Emily really think the banana is?
<|im_end|>
<|im_start|>assistant
<answer>",205,"{'A-': 205, 'V': 171, 'QK_C': 190, 'QK_I': 194, 'VK_C': 165, 'VK_I': 168, 'start': 136}"
1,False,"Alexander and William entered the hall.
The pants is in the case.
Alexander moved the pants to the jar.
Alexander exited the hall.
William moved the pants to the wallet.
William exited the hall.
Alexander and William entered the waiting_room.",Where does William really think the pants is?,wallet,"A. case, B. jar, C. wallet",case,jar,"You are a helpful assistant. When the user asks you a question, you can not show any reasoning or thinking process but directly provide the answer within <answer> </answer> tags. You need to provide an answer within 10 tokens and you do not need to show your reasoning process about the psychological changes of characters.
Note: You should assume the following.
(1) An agent witnesses everything and every movement before exiting a room.
(2) An agent A can infer another agent B's mental state only if A and B have been in the same room, or have private or public interactions.
<|im_end|>
<|im_start|>user
Read the following story and answer the question. 
Story: Alexander and William entered the hall.
The pants is in the case.
Alexander moved the pants to the jar.
Alexander exited the hall.
William moved the pants to the wallet.
William exited the hall.
Alexander and William entered the waiting_room.
Question: Where does William really think the pants is?
<|im_end|>
<|im_start|>assistant
<answer>",205,"{'A-': 205, 'V': 171, 'QK_C': 190, 'QK_I': 194, 'VK_C': 165, 'VK_I': 168, 'start': 136}"
1,False,"Jacob and Jackson entered the den.
The cap is in the basket.
Jacob moved the cap to the packet.
Jacob exited the den.
Jackson moved the cap to the box.
Jackson exited the den.
Jacob and Jackson entered the waiting_room.",Where does Jacob really think the cap is?,packet,"A. basket, B. packet, C. box",basket,box,"You are a helpful assistant. When the user asks you a question, you can not show any reasoning or thinking process but directly provide the answer within <answer> </answer> tags. You need to provide an answer within 10 tokens and you do not need to show your reasoning process about the psychological changes of characters.
Note: You should assume the following.
(1) An agent witnesses everything and every movement before exiting a room.
(2) An agent A can infer another agent B's mental state only if A and B have been in the same room, or have private or public interactions.
<|im_end|>
<|im_start|>user
Read the following story and answer the question. 
Story: Jacob and Jackson entered the den.
The cap is in the basket.
Jacob moved the cap to the packet.
Jacob exited the den.
Jackson moved the cap to the box.
Jackson exited the den.
Jacob and Jackson entered the waiting_room.
Question: Where does Jacob really think the cap is?
<|im_end|>
<|im_start|>assistant
<answer>",205,"{'A-': 205, 'V': 158, 'QK_C': 190, 'QK_I': 194, 'VK_C': 152, 'VK_I': 155, 'start': 136}"
1,False,"James and Jack entered the office.
The coat is in the container.
James moved the coat to the packet.
James exited the office.
Jack moved the coat to the box.
Jack exited the office.
James and Jack entered the waiting_room.",Where does Jack really think the coat is?,box,"A. container, B. packet, C. box",container,packet,"You are a helpful assistant. When the user asks you a question, you can not show any reasoning or thinking process but directly provide the answer within <answer> </answer> tags. You need to provide an answer within 10 tokens and you do not need to show your reasoning process about the psychological changes of characters.
Note: You should assume the following.
(1) An agent witnesses everything and every movement before exiting a room.
(2) An agent A can infer another agent B's mental state only if A and B have been in the same room, or have private or public interactions.
<|im_end|>
<|im_start|>user
Read the following story and answer the question. 
Story: James and Jack entered the office.
The coat is in the container.
James moved the coat to the packet.
James exited the office.
Jack moved the coat to the box.
Jack exited the office.
James and Jack entered the waiting_room.
Question: Where does Jack really think the coat is?
<|im_end|>
<|im_start|>assistant
<answer>",205,"{'A-': 205, 'V': 171, 'QK_C': 190, 'QK_I': 194, 'VK_C': 165, 'VK_I': 168, 'start': 136}"
1,False,"James and Jacob entered the hall.
The pear is in the tin.
James moved the pear to the container.
James exited the hall.
Jacob moved the pear to the tank.
Jacob exited the hall.
James and Jacob entered the waiting_room.",Where does Jacob really think the pear is?,tank,"A. tin, B. container, C. tank",tin,container,"You are a helpful assistant. When the user asks you a question, you can not show any reasoning or thinking process but directly provide the answer within <answer> </answer> tags. You need to provide an answer within 10 tokens and you do not need to show your reasoning process about the psychological changes of characters.
Note: You should assume the following.
(1) An agent witnesses everything and every movement before exiting a room.
(2) An agent A can infer another agent B's mental state only if A and B have been in the same room, or have private or public interactions.
<|im_end|>
<|im_start|>user
Read the following story and answer the question. 
Story: James and Jacob entered the hall.
The pear is in the tin.
James moved the pear to the container.
James exited the hall.
Jacob moved the pear to the tank.
Jacob exited the hall.
James and Jacob entered the waiting_room.
Question: Where does Jacob really think the pear is?
<|im_end|>
<|im_start|>assistant
<answer>",205,"{'A-': 205, 'V': 171, 'QK_C': 190, 'QK_I': 194, 'VK_C': 165, 'VK_I': 168, 'start': 136}"
1,False,"Charlotte and Jackson entered the office.
The pear is in the tank.
Charlotte moved the pear to the crate.
Charlotte exited the office.
Jackson moved the pear to the case.
Jackson exited the office.
Charlotte and Jackson entered the waiting_room.",Where does Jackson really think the pear is?,case,"A. tank, B. crate, C. case",tank,crate,"You are a helpful assistant. When the user asks you a question, you can not show any reasoning or thinking process but directly provide the answer within <answer> </answer> tags. You need to provide an answer within 10 tokens and you do not need to show your reasoning process about the psychological changes of characters.
Note: You should assume the following.
(1) An agent witnesses everything and every movement before exiting a room.
(2) An agent A can infer another agent B's mental state only if A and B have been in the same room, or have private or public interactions.
<|im_end|>
<|im_start|>user
Read the following story and answer the question. 
Story: Charlotte and Jackson entered the office.
The pear is in the tank.
Charlotte moved the pear to the crate.
Charlotte exited the office.
Jackson moved the pear to the case.
Jackson exited the office.
Charlotte and Jackson entered the waiting_room.
Question: Where does Jackson really think the pear is?
<|im_end|>
<|im_start|>assistant
<answer>",205,"{'A-': 205, 'V': 171, 'QK_C': 190, 'QK_I': 194, 'VK_C': 165, 'VK_I': 168, 'start': 136}"
1,False,"Jacob and Alexander entered the hall.
The lime is in the crate.
Jacob moved the lime to the tank.
Jacob exited the hall.
Alexander moved the lime to the case.
Alexander exited the hall.
Jacob and Alexander entered the waiting_room.",Where does Alexander really think the lime is?,case,"A. crate, B. tank, C. case",crate,tank,"You are a helpful assistant. When the user asks you a question, you can not show any reasoning or thinking process but directly provide the answer within <answer> </answer> tags. You need to provide an answer within 10 tokens and you do not need to show your reasoning process about the psychological changes of characters.
Note: You should assume the following.
(1) An agent witnesses everything and every movement before exiting a room.
(2) An agent A can infer another agent B's mental state only if A and B have been in the same room, or have private or public interactions.
<|im_end|>
<|im_start|>user
Read the following story and answer the question. 
Story: Jacob and Alexander entered the hall.
The lime is in the crate.
Jacob moved the lime to the tank.
Jacob exited the hall.
Alexander moved the lime to the case.
Alexander exited the hall.
Jacob and Alexander entered the waiting_room.
Question: Where does Alexander really think the lime is?
<|im_end|>
<|im_start|>assistant
<answer>",205,"{'A-': 205, 'V': 171, 'QK_C': 190, 'QK_I': 194, 'VK_C': 165, 'VK_I': 168, 'start': 136}"
1,False,"Jacob and William entered the den.
The orange is in the tin.
Jacob moved the orange to the wallet.
Jacob exited the den.
William moved the orange to the pot.
William exited the den.
Jacob and William entered the waiting_room.",Where does Jacob really think the orange is?,wallet,"A. tin, B. wallet, C. pot",tin,pot,"You are a helpful assistant. When the user asks you a question, you can not show any reasoning or thinking process but directly provide the answer within <answer> </answer> tags. You need to provide an answer within 10 tokens and you do not need to show your reasoning process about the psychological changes of characters.
Note: You should assume the following.
(1) An agent witnesses everything and every movement before exiting a room.
(2) An agent A can infer another agent B's mental state only if A and B have been in the same room, or have private or public interactions.
<|im_end|>
<|im_start|>user
Read the following story and answer the question. 
Story: Jacob and William entered the den.
The orange is in the tin.
Jacob moved the orange to the wallet.
Jacob exited the den.
William moved the orange to the pot.
William exited the den.
Jacob and William entered the waiting_room.
Question: Where does Jacob really think the orange is?
<|im_end|>
<|im_start|>assistant
<answer>",205,"{'A-': 205, 'V': 158, 'QK_C': 190, 'QK_I': 194, 'VK_C': 152, 'VK_I': 155, 'start': 136}"
1,False,"Emma and James entered the office.
The suit is in the tin.
Emma moved the suit to the wallet.
Emma exited the office.
James moved the suit to the crate.
James exited the office.
Emma and James entered the waiting_room.",Where does James really think the suit is?,crate,"A. tin, B. wallet, C. crate",tin,wallet,"You are a helpful assistant. When the user asks you a question, you can not show any reasoning or thinking process but directly provide the answer within <answer> </answer> tags. You need to provide an answer within 10 tokens and you do not need to show your reasoning process about the psychological changes of characters.
Note: You should assume the following.
(1) An agent witnesses everything and every movement before exiting a room.
(2) An agent A can infer another agent B's mental state only if A and B have been in the same room, or have private or public interactions.
<|im_end|>
<|im_start|>user
Read the following story and answer the question. 
Story: Emma and James entered the office.
The suit is in the tin.
Emma moved the suit to the wallet.
Emma exited the office.
James moved the suit to the crate.
James exited the office.
Emma and James entered the waiting_room.
Question: Where does James really think the suit is?
<|im_end|>
<|im_start|>assistant
<answer>",205,"{'A-': 205, 'V': 171, 'QK_C': 190, 'QK_I': 194, 'VK_C': 165, 'VK_I': 168, 'start': 136}"
1,False,"Charlotte and Elizabeth entered the office.
The apple is in the urn.
Charlotte moved the apple to the jar.
Charlotte exited the office.
Elizabeth moved the apple to the tank.
Elizabeth exited the office.
Charlotte and Elizabeth entered the waiting_room.",Where does Elizabeth really think the apple is?,tank,"A. urn, B. jar, C. tank",urn,jar,"You are a helpful assistant. When the user asks you a question, you can not show any reasoning or thinking process but directly provide the answer within <answer> </answer> tags. You need to provide an answer within 10 tokens and you do not need to show your reasoning process about the psychological changes of characters.
Note: You should assume the following.
(1) An agent witnesses everything and every movement before exiting a room.
(2) An agent A can infer another agent B's mental state only if A and B have been in the same room, or have private or public interactions.
<|im_end|>
<|im_start|>user
Read the following story and answer the question. 
Story: Charlotte and Elizabeth entered the office.
The apple is in the urn.
Charlotte moved the apple to the jar.
Charlotte exited the office.
Elizabeth moved the apple to the tank.
Elizabeth exited the office.
Charlotte and Elizabeth entered the waiting_room.
Question: Where does Elizabeth really think the apple is?
<|im_end|>
<|im_start|>assistant
<answer>",205,"{'A-': 205, 'V': 171, 'QK_C': 190, 'QK_I': 194, 'VK_C': 165, 'VK_I': 168, 'start': 136}"
1,False,"Jacob and Alexander entered the den.
The hat is in the tin.
Jacob moved the hat to the packet.
Jacob exited the den.
Alexander moved the hat to the bag.
Alexander exited the den.
Jacob and Alexander entered the waiting_room.",Where does Alexander really think the hat is?,bag,"A. tin, B. packet, C. bag",tin,packet,"You are a helpful assistant. When the user asks you a question, you can not show any reasoning or thinking process but directly provide the answer within <answer> </answer> tags. You need to provide an answer within 10 tokens and you do not need to show your reasoning process about the psychological changes of characters.
Note: You should assume the following.
(1) An agent witnesses everything and every movement before exiting a room.
(2) An agent A can infer another agent B's mental state only if A and B have been in the same room, or have private or public interactions.
<|im_end|>
<|im_start|>user
Read the following story and answer the question. 
Story: Jacob and Alexander entered the den.
The hat is in the tin.
Jacob moved the hat to the packet.
Jacob exited the den.
Alexander moved the hat to the bag.
Alexander exited the den.
Jacob and Alexander entered the waiting_room.
Question: Where does Alexander really think the hat is?
<|im_end|>
<|im_start|>assistant
<answer>",205,"{'A-': 205, 'V': 171, 'QK_C': 190, 'QK_I': 194, 'VK_C': 165, 'VK_I': 168, 'start': 136}"
1,False,"Jack and Alexander entered the study.
The shirt is in the holder.
Jack moved the shirt to the bin.
Jack exited the study.
Alexander moved the shirt to the jar.
Alexander exited the study.
Jack and Alexander entered the waiting_room.",Where does Jack really think the shirt is?,bin,"A. holder, B. bin, C. jar",holder,jar,"You are a helpful assistant. When the user asks you a question, you can not show any reasoning or thinking process but directly provide the answer within <answer> </answer> tags. You need to provide an answer within 10 tokens and you do not need to show your reasoning process about the psychological changes of characters.
Note: You should assume the following.
(1) An agent witnesses everything and every movement before exiting a room.
(2) An agent A can infer another agent B's mental state only if A and B have been in the same room, or have private or public interactions.
<|im_end|>
<|im_start|>user
Read the following story and answer the question. 
Story: Jack and Alexander entered the study.
The shirt is in the holder.
Jack moved the shirt to the bin.
Jack exited the study.
Alexander moved the shirt to the jar.
Alexander exited the study.
Jack and Alexander entered the waiting_room.
Question: Where does Jack really think the shirt is?
<|im_end|>
<|im_start|>assistant
<answer>",205,"{'A-': 205, 'V': 158, 'QK_C': 190, 'QK_I': 194, 'VK_C': 152, 'VK_I': 155, 'start': 136}"
1,False,"Emily and Elizabeth entered the hall.
The apple is in the bucket.
Emily moved the apple to the urn.
Emily exited the hall.
Elizabeth moved the apple to the packet.
Elizabeth exited the hall.
Emily and Elizabeth entered the waiting_room.",Where does Elizabeth really think the apple is?,packet,"A. bucket, B. urn, C. packet",bucket,urn,"You are a helpful assistant. When the user asks you a question, you can not show any reasoning or thinking process but directly provide the answer within <answer> </answer> tags. You need to provide an answer within 10 tokens and you do not need to show your reasoning process about the psychological changes of characters.
Note: You should assume the following.
(1) An agent witnesses everything and every movement before exiting a room.
(2) An agent A can infer another agent B's mental state only if A and B have been in the same room, or have private or public interactions.
<|im_end|>
<|im_start|>user
Read the following story and answer the question. 
Story: Emily and Elizabeth entered the hall.
The apple is in the bucket.
Emily moved the apple to the urn.
Emily exited the hall.
Elizabeth moved the apple to the packet.
Elizabeth exited the hall.
Emily and Elizabeth entered the waiting_room.
Question: Where does Elizabeth really think the apple is?
<|im_end|>
<|im_start|>assistant
<answer>",205,"{'A-': 205, 'V': 171, 'QK_C': 190, 'QK_I': 194, 'VK_C': 165, 'VK_I': 168, 'start': 136}"
1,False,"Charlotte and William entered the office.
The orange is in the holder.
Charlotte moved the orange to the pot.
Charlotte exited the office.
William moved the orange to the packet.
William exited the office.
Charlotte and William entered the waiting_room.",Where does William really think the orange is?,packet,"A. holder, B. pot, C. packet",holder,pot,"You are a helpful assistant. When the user asks you a question, you can not show any reasoning or thinking process but directly provide the answer within <answer> </answer> tags. You need to provide an answer within 10 tokens and you do not need to show your reasoning process about the psychological changes of characters.
Note: You should assume the following.
(1) An agent witnesses everything and every movement before exiting a room.
(2) An agent A can infer another agent B's mental state only if A and B have been in the same room, or have private or public interactions.
<|im_end|>
<|im_start|>user
Read the following story and answer the question. 
Story: Charlotte and William entered the office.
The orange is in the holder.
Charlotte moved the orange to the pot.
Charlotte exited the office.
William moved the orange to the packet.
William exited the office.
Charlotte and William entered the waiting_room.
Question: Where does William really think the orange is?
<|im_end|>
<|im_start|>assistant
<answer>",205,"{'A-': 205, 'V': 171, 'QK_C': 190, 'QK_I': 194, 'VK_C': 165, 'VK_I': 168, 'start': 136}"
1,False,"James and Jack entered the study.
The suit is in the tin.
James moved the suit to the tank.
James exited the study.
Jack moved the suit to the packet.
Jack exited the study.
James and Jack entered the waiting_room.",Where does James really think the suit is?,tank,"A. tin, B. tank, C. packet",tin,packet,"You are a helpful assistant. When the user asks you a question, you can not show any reasoning or thinking process but directly provide the answer within <answer> </answer> tags. You need to provide an answer within 10 tokens and you do not need to show your reasoning process about the psychological changes of characters.
Note: You should assume the following.
(1) An agent witnesses everything and every movement before exiting a room.
(2) An agent A can infer another agent B's mental state only if A and B have been in the same room, or have private or public interactions.
<|im_end|>
<|im_start|>user
Read the following story and answer the question. 
Story: James and Jack entered the study.
The suit is in the tin.
James moved the suit to the tank.
James exited the study.
Jack moved the suit to the packet.
Jack exited the study.
James and Jack entered the waiting_room.
Question: Where does James really think the suit is?
<|im_end|>
<|im_start|>assistant
<answer>",205,"{'A-': 205, 'V': 158, 'QK_C': 190, 'QK_I': 194, 'VK_C': 152, 'VK_I': 155, 'start': 136}"
1,False,"Jack and Emily entered the den.
The belt is in the jar.
Jack moved the belt to the bucket.
Jack exited the den.
Emily moved the belt to the holder.
Emily exited the den.
Jack and Emily entered the waiting_room.",Where does Jack really think the belt is?,bucket,"A. jar, B. bucket, C. holder",jar,holder,"You are a helpful assistant. When the user asks you a question, you can not show any reasoning or thinking process but directly provide the answer within <answer> </answer> tags. You need to provide an answer within 10 tokens and you do not need to show your reasoning process about the psychological changes of characters.
Note: You should assume the following.
(1) An agent witnesses everything and every movement before exiting a room.
(2) An agent A can infer another agent B's mental state only if A and B have been in the same room, or have private or public interactions.
<|im_end|>
<|im_start|>user
Read the following story and answer the question. 
Story: Jack and Emily entered the den.
The belt is in the jar.
Jack moved the belt to the bucket.
Jack exited the den.
Emily moved the belt to the holder.
Emily exited the den.
Jack and Emily entered the waiting_room.
Question: Where does Jack really think the belt is?
<|im_end|>
<|im_start|>assistant
<answer>",205,"{'A-': 205, 'V': 158, 'QK_C': 190, 'QK_I': 194, 'VK_C': 152, 'VK_I': 155, 'start': 136}"
1,False,"Emma and Elizabeth entered the den.
The pear is in the wallet.
Emma moved the pear to the holder.
Emma exited the den.
Elizabeth moved the pear to the packet.
Elizabeth exited the den.
Emma and Elizabeth entered the waiting_room.",Where does Emma really think the pear is?,holder,"A. wallet, B. holder, C. packet",wallet,packet,"You are a helpful assistant. When the user asks you a question, you can not show any reasoning or thinking process but directly provide the answer within <answer> </answer> tags. You need to provide an answer within 10 tokens and you do not need to show your reasoning process about the psychological changes of characters.
Note: You should assume the following.
(1) An agent witnesses everything and every movement before exiting a room.
(2) An agent A can infer another agent B's mental state only if A and B have been in the same room, or have private or public interactions.
<|im_end|>
<|im_start|>user
Read the following story and answer the question. 
Story: Emma and Elizabeth entered the den.
The pear is in the wallet.
Emma moved the pear to the holder.
Emma exited the den.
Elizabeth moved the pear to the packet.
Elizabeth exited the den.
Emma and Elizabeth entered the waiting_room.
Question: Where does Emma really think the pear is?
<|im_end|>
<|im_start|>assistant
<answer>",205,"{'A-': 205, 'V': 158, 'QK_C': 190, 'QK_I': 194, 'VK_C': 152, 'VK_I': 155, 'start': 136}"
1,False,"Charlotte and Jacob entered the office.
The orange is in the jar.
Charlotte moved the orange to the can.
Charlotte exited the office.
Jacob moved the orange to the container.
Jacob exited the office.
Charlotte and Jacob entered the waiting_room.",Where does Jacob really think the orange is?,container,"A. jar, B. can, C. container",jar,can,"You are a helpful assistant. When the user asks you a question, you can not show any reasoning or thinking process but directly provide the answer within <answer> </answer> tags. You need to provide an answer within 10 tokens and you do not need to show your reasoning process about the psychological changes of characters.
Note: You should assume the following.
(1) An agent witnesses everything and every movement before exiting a room.
(2) An agent A can infer another agent B's mental state only if A and B have been in the same room, or have private or public interactions.
<|im_end|>
<|im_start|>user
Read the following story and answer the question. 
Story: Charlotte and Jacob entered the office.
The orange is in the jar.
Charlotte moved the orange to the can.
Charlotte exited the office.
Jacob moved the orange to the container.
Jacob exited the office.
Charlotte and Jacob entered the waiting_room.
Question: Where does Jacob really think the orange is?
<|im_end|>
<|im_start|>assistant
<answer>",205,"{'A-': 205, 'V': 171, 'QK_C': 190, 'QK_I': 194, 'VK_C': 165, 'VK_I': 168, 'start': 136}"
1,False,"Charlotte and James entered the office.
The belt is in the drawer.
Charlotte moved the belt to the jar.
Charlotte exited the office.
James moved the belt to the can.
James exited the office.
Charlotte and James entered the waiting_room.",Where does Charlotte really think the belt is?,jar,"A. drawer, B. jar, C. can",drawer,can,"You are a helpful assistant. When the user asks you a question, you can not show any reasoning or thinking process but directly provide the answer within <answer> </answer> tags. You need to provide an answer within 10 tokens and you do not need to show your reasoning process about the psychological changes of characters.
Note: You should assume the following.
(1) An agent witnesses everything and every movement before exiting a room.
(2) An agent A can infer another agent B's mental state only if A and B have been in the same room, or have private or public interactions.
<|im_end|>
<|im_start|>user
Read the following story and answer the question. 
Story: Charlotte and James entered the office.
The belt is in the drawer.
Charlotte moved the belt to the jar.
Charlotte exited the office.
James moved the belt to the can.
James exited the office.
Charlotte and James entered the waiting_room.
Question: Where does Charlotte really think the belt is?
<|im_end|>
<|im_start|>assistant
<answer>",205,"{'A-': 205, 'V': 158, 'QK_C': 190, 'QK_I': 194, 'VK_C': 152, 'VK_I': 155, 'start': 136}"
1,False,"Emma and James entered the hall.
The tie is in the case.
Emma moved the tie to the wallet.
Emma exited the hall.
James moved the tie to the tin.
James exited the hall.
Emma and James entered the waiting_room.",Where does James really think the tie is?,tin,"A. case, B. wallet, C. tin",case,wallet,"You are a helpful assistant. When the user asks you a question, you can not show any reasoning or thinking process but directly provide the answer within <answer> </answer> tags. You need to provide an answer within 10 tokens and you do not need to show your reasoning process about the psychological changes of characters.
Note: You should assume the following.
(1) An agent witnesses everything and every movement before exiting a room.
(2) An agent A can infer another agent B's mental state only if A and B have been in the same room, or have private or public interactions.
<|im_end|>
<|im_start|>user
Read the following story and answer the question. 
Story: Emma and James entered the hall.
The tie is in the case.
Emma moved the tie to the wallet.
Emma exited the hall.
James moved the tie to the tin.
James exited the hall.
Emma and James entered the waiting_room.
Question: Where does James really think the tie is?
<|im_end|>
<|im_start|>assistant
<answer>",205,"{'A-': 205, 'V': 171, 'QK_C': 190, 'QK_I': 194, 'VK_C': 165, 'VK_I': 168, 'start': 136}"
1,False,"James and Jackson entered the den.
The cap is in the tank.
James moved the cap to the drawer.
James exited the den.
Jackson moved the cap to the tin.
Jackson exited the den.
James and Jackson entered the waiting_room.",Where does James really think the cap is?,drawer,"A. tank, B. drawer, C. tin",tank,tin,"You are a helpful assistant. When the user asks you a question, you can not show any reasoning or thinking process but directly provide the answer within <answer> </answer> tags. You need to provide an answer within 10 tokens and you do not need to show your reasoning process about the psychological changes of characters.
Note: You should assume the following.
(1) An agent witnesses everything and every movement before exiting a room.
(2) An agent A can infer another agent B's mental state only if A and B have been in the same room, or have private or public interactions.
<|im_end|>
<|im_start|>user
Read the following story and answer the question. 
Story: James and Jackson entered the den.
The cap is in the tank.
James moved the cap to the drawer.
James exited the den.
Jackson moved the cap to the tin.
Jackson exited the den.
James and Jackson entered the waiting_room.
Question: Where does James really think the cap is?
<|im_end|>
<|im_start|>assistant
<answer>",205,"{'A-': 205, 'V': 158, 'QK_C': 190, 'QK_I': 194, 'VK_C': 152, 'VK_I': 155, 'start': 136}"
1,False,"Jacob and William entered the den.
The corn is in the bin.
Jacob moved the corn to the tin.
Jacob exited the den.
William moved the corn to the pot.
William exited the den.
Jacob and William entered the waiting_room.",Where does William really think the corn is?,pot,"A. bin, B. tin, C. pot",bin,tin,"You are a helpful assistant. When the user asks you a question, you can not show any reasoning or thinking process but directly provide the answer within <answer> </answer> tags. You need to provide an answer within 10 tokens and you do not need to show your reasoning process about the psychological changes of characters.
Note: You should assume the following.
(1) An agent witnesses everything and every movement before exiting a room.
(2) An agent A can infer another agent B's mental state only if A and B have been in the same room, or have private or public interactions.
<|im_end|>
<|im_start|>user
Read the following story and answer the question. 
Story: Jacob and William entered the den.
The corn is in the bin.
Jacob moved the corn to the tin.
Jacob exited the den.
William moved the corn to the pot.
William exited the den.
Jacob and William entered the waiting_room.
Question: Where does William really think the corn is?
<|im_end|>
<|im_start|>assistant
<answer>",205,"{'A-': 205, 'V': 171, 'QK_C': 190, 'QK_I': 194, 'VK_C': 165, 'VK_I': 168, 'start': 136}"
1,False,"Jackson and Jack entered the hall.
The pear is in the packet.
Jackson moved the pear to the basket.
Jackson exited the hall.
Jack moved the pear to the crate.
Jack exited the hall.
Jackson and Jack entered the waiting_room.",Where does Jackson really think the pear is?,basket,"A. packet, B. basket, C. crate",packet,crate,"You are a helpful assistant. When the user asks you a question, you can not show any reasoning or thinking process but directly provide the answer within <answer> </answer> tags. You need to provide an answer within 10 tokens and you do not need to show your reasoning process about the psychological changes of characters.
Note: You should assume the following.
(1) An agent witnesses everything and every movement before exiting a room.
(2) An agent A can infer another agent B's mental state only if A and B have been in the same room, or have private or public interactions.
<|im_end|>
<|im_start|>user
Read the following story and answer the question. 
Story: Jackson and Jack entered the hall.
The pear is in the packet.
Jackson moved the pear to the basket.
Jackson exited the hall.
Jack moved the pear to the crate.
Jack exited the hall.
Jackson and Jack entered the waiting_room.
Question: Where does Jackson really think the pear is?
<|im_end|>
<|im_start|>assistant
<answer>",205,"{'A-': 205, 'V': 158, 'QK_C': 190, 'QK_I': 194, 'VK_C': 152, 'VK_I': 155, 'start': 136}"
1,False,"Alexander and Jack entered the study.
The coat is in the case.
Alexander moved the coat to the tank.
Alexander exited the study.
Jack moved the coat to the tin.
Jack exited the study.
Alexander and Jack entered the waiting_room.",Where does Jack really think the coat is?,tin,"A. case, B. tank, C. tin",case,tank,"You are a helpful assistant. When the user asks you a question, you can not show any reasoning or thinking process but directly provide the answer within <answer> </answer> tags. You need to provide an answer within 10 tokens and you do not need to show your reasoning process about the psychological changes of characters.
Note: You should assume the following.
(1) An agent witnesses everything and every movement before exiting a room.
(2) An agent A can infer another agent B's mental state only if A and B have been in the same room, or have private or public interactions.
<|im_end|>
<|im_start|>user
Read the following story and answer the question. 
Story: Alexander and Jack entered the study.
The coat is in the case.
Alexander moved the coat to the tank.
Alexander exited the study.
Jack moved the coat to the tin.
Jack exited the study.
Alexander and Jack entered the waiting_room.
Question: Where does Jack really think the coat is?
<|im_end|>
<|im_start|>assistant
<answer>",205,"{'A-': 205, 'V': 171, 'QK_C': 190, 'QK_I': 194, 'VK_C': 165, 'VK_I': 168, 'start': 136}"
1,False,"Charlotte and James entered the office.
The orange is in the urn.
Charlotte moved the orange to the wallet.
Charlotte exited the office.
James moved the orange to the crate.
James exited the office.
Charlotte and James entered the waiting_room.",Where does James really think the orange is?,crate,"A. urn, B. wallet, C. crate",urn,wallet,"You are a helpful assistant. When the user asks you a question, you can not show any reasoning or thinking process but directly provide the answer within <answer> </answer> tags. You need to provide an answer within 10 tokens and you do not need to show your reasoning process about the psychological changes of characters.
Note: You should assume the following.
(1) An agent witnesses everything and every movement before exiting a room.
(2) An agent A can infer another agent B's mental state only if A and B have been in the same room, or have private or public interactions.
<|im_end|>
<|im_start|>user
Read the following story and answer the question. 
Story: Charlotte and James entered the office.
The orange is in the urn.
Charlotte moved the orange to the wallet.
Charlotte exited the office.
James moved the orange to the crate.
James exited the office.
Charlotte and James entered the waiting_room.
Question: Where does James really think the orange is?
<|im_end|>
<|im_start|>assistant
<answer>",205,"{'A-': 205, 'V': 171, 'QK_C': 190, 'QK_I': 194, 'VK_C': 165, 'VK_I': 168, 'start': 136}"
1,False,"William and Jacob entered the study.
The pear is in the urn.
William moved the pear to the tin.
William exited the study.
Jacob moved the pear to the drawer.
Jacob exited the study.
William and Jacob entered the waiting_room.",Where does Jacob really think the pear is?,drawer,"A. urn, B. tin, C. drawer",urn,tin,"You are a helpful assistant. When the user asks you a question, you can not show any reasoning or thinking process but directly provide the answer within <answer> </answer> tags. You need to provide an answer within 10 tokens and you do not need to show your reasoning process about the psychological changes of characters.
Note: You should assume the following.
(1) An agent witnesses everything and every movement before exiting a room.
(2) An agent A can infer another agent B's mental state only if A and B have been in the same room, or have private or public interactions.
<|im_end|>
<|im_start|>user
Read the following story and answer the question. 
Story: William and Jacob entered the study.
The pear is in the urn.
William moved the pear to the tin.
William exited the study.
Jacob moved the pear to the drawer.
Jacob exited the study.
William and Jacob entered the waiting_room.
Question: Where does Jacob really think the pear is?
<|im_end|>
<|im_start|>assistant
<answer>",205,"{'A-': 205, 'V': 171, 'QK_C': 190, 'QK_I': 194, 'VK_C': 165, 'VK_I': 168, 'start': 136}"
1,False,"Elizabeth and James entered the den.
The shirt is in the urn.
Elizabeth moved the shirt to the case.
Elizabeth exited the den.
James moved the shirt to the packet.
James exited the den.
Elizabeth and James entered the waiting_room.",Where does James really think the shirt is?,packet,"A. urn, B. case, C. packet",urn,case,"You are a helpful assistant. When the user asks you a question, you can not show any reasoning or thinking process but directly provide the answer within <answer> </answer> tags. You need to provide an answer within 10 tokens and you do not need to show your reasoning process about the psychological changes of characters.
Note: You should assume the following.
(1) An agent witnesses everything and every movement before exiting a room.
(2) An agent A can infer another agent B's mental state only if A and B have been in the same room, or have private or public interactions.
<|im_end|>
<|im_start|>user
Read the following story and answer the question. 
Story: Elizabeth and James entered the den.
The shirt is in the urn.
Elizabeth moved the shirt to the case.
Elizabeth exited the den.
James moved the shirt to the packet.
James exited the den.
Elizabeth and James entered the waiting_room.
Question: Where does James really think the shirt is?
<|im_end|>
<|im_start|>assistant
<answer>",205,"{'A-': 205, 'V': 171, 'QK_C': 190, 'QK_I': 194, 'VK_C': 165, 'VK_I': 168, 'start': 136}"
1,False,"Elizabeth and Jacob entered the study.
The apple is in the tank.
Elizabeth moved the apple to the drawer.
Elizabeth exited the study.
Jacob moved the apple to the urn.
Jacob exited the study.
Elizabeth and Jacob entered the waiting_room.",Where does Jacob really think the apple is?,urn,"A. tank, B. drawer, C. urn",tank,drawer,"You are a helpful assistant. When the user asks you a question, you can not show any reasoning or thinking process but directly provide the answer within <answer> </answer> tags. You need to provide an answer within 10 tokens and you do not need to show your reasoning process about the psychological changes of characters.
Note: You should assume the following.
(1) An agent witnesses everything and every movement before exiting a room.
(2) An agent A can infer another agent B's mental state only if A and B have been in the same room, or have private or public interactions.
<|im_end|>
<|im_start|>user
Read the following story and answer the question. 
Story: Elizabeth and Jacob entered the study.
The apple is in the tank.
Elizabeth moved the apple to the drawer.
Elizabeth exited the study.
Jacob moved the apple to the urn.
Jacob exited the study.
Elizabeth and Jacob entered the waiting_room.
Question: Where does Jacob really think the apple is?
<|im_end|>
<|im_start|>assistant
<answer>",205,"{'A-': 205, 'V': 171, 'QK_C': 190, 'QK_I': 194, 'VK_C': 165, 'VK_I': 168, 'start': 136}"
1,False,"Jacob and Alexander entered the hall.
The tie is in the wallet.
Jacob moved the tie to the tank.
Jacob exited the hall.
Alexander moved the tie to the case.
Alexander exited the hall.
Jacob and Alexander entered the waiting_room.",Where does Jacob really think the tie is?,tank,"A. wallet, B. tank, C. case",wallet,case,"You are a helpful assistant. When the user asks you a question, you can not show any reasoning or thinking process but directly provide the answer within <answer> </answer> tags. You need to provide an answer within 10 tokens and you do not need to show your reasoning process about the psychological changes of characters.
Note: You should assume the following.
(1) An agent witnesses everything and every movement before exiting a room.
(2) An agent A can infer another agent B's mental state only if A and B have been in the same room, or have private or public interactions.
<|im_end|>
<|im_start|>user
Read the following story and answer the question. 
Story: Jacob and Alexander entered the hall.
The tie is in the wallet.
Jacob moved the tie to the tank.
Jacob exited the hall.
Alexander moved the tie to the case.
Alexander exited the hall.
Jacob and Alexander entered the waiting_room.
Question: Where does Jacob really think the tie is?
<|im_end|>
<|im_start|>assistant
<answer>",205,"{'A-': 205, 'V': 158, 'QK_C': 190, 'QK_I': 194, 'VK_C': 152, 'VK_I': 155, 'start': 136}"
1,False,"Jackson and Alexander entered the office.
The hat is in the wallet.
Jackson moved the hat to the jar.
Jackson exited the office.
Alexander moved the hat to the container.
Alexander exited the office.
Jackson and Alexander entered the waiting_room.",Where does Jackson really think the hat is?,jar,"A. wallet, B. jar, C. container",wallet,container,"You are a helpful assistant. When the user asks you a question, you can not show any reasoning or thinking process but directly provide the answer within <answer> </answer> tags. You need to provide an answer within 10 tokens and you do not need to show your reasoning process about the psychological changes of characters.
Note: You should assume the following.
(1) An agent witnesses everything and every movement before exiting a room.
(2) An agent A can infer another agent B's mental state only if A and B have been in the same room, or have private or public interactions.
<|im_end|>
<|im_start|>user
Read the following story and answer the question. 
Story: Jackson and Alexander entered the office.
The hat is in the wallet.
Jackson moved the hat to the jar.
Jackson exited the office.
Alexander moved the hat to the container.
Alexander exited the office.
Jackson and Alexander entered the waiting_room.
Question: Where does Jackson really think the hat is?
<|im_end|>
<|im_start|>assistant
<answer>",205,"{'A-': 205, 'V': 158, 'QK_C': 190, 'QK_I': 194, 'VK_C': 152, 'VK_I': 155, 'start': 136}"
1,False,"Alexander and James entered the hall.
The dress is in the bucket.
Alexander moved the dress to the container.
Alexander exited the hall.
James moved the dress to the case.
James exited the hall.
Alexander and James entered the waiting_room.",Where does Alexander really think the dress is?,container,"A. bucket, B. container, C. case",bucket,case,"You are a helpful assistant. When the user asks you a question, you can not show any reasoning or thinking process but directly provide the answer within <answer> </answer> tags. You need to provide an answer within 10 tokens and you do not need to show your reasoning process about the psychological changes of characters.
Note: You should assume the following.
(1) An agent witnesses everything and every movement before exiting a room.
(2) An agent A can infer another agent B's mental state only if A and B have been in the same room, or have private or public interactions.
<|im_end|>
<|im_start|>user
Read the following story and answer the question. 
Story: Alexander and James entered the hall.
The dress is in the bucket.
Alexander moved the dress to the container.
Alexander exited the hall.
James moved the dress to the case.
James exited the hall.
Alexander and James entered the waiting_room.
Question: Where does Alexander really think the dress is?
<|im_end|>
<|im_start|>assistant
<answer>",205,"{'A-': 205, 'V': 158, 'QK_C': 190, 'QK_I': 194, 'VK_C': 152, 'VK_I': 155, 'start': 136}"
1,False,"Emma and Charlotte entered the office.
The hat is in the wallet.
Emma moved the hat to the jar.
Emma exited the office.
Charlotte moved the hat to the tin.
Charlotte exited the office.
Emma and Charlotte entered the waiting_room.",Where does Emma really think the hat is?,jar,"A. wallet, B. jar, C. tin",wallet,tin,"You are a helpful assistant. When the user asks you a question, you can not show any reasoning or thinking process but directly provide the answer within <answer> </answer> tags. You need to provide an answer within 10 tokens and you do not need to show your reasoning process about the psychological changes of characters.
Note: You should assume the following.
(1) An agent witnesses everything and every movement before exiting a room.
(2) An agent A can infer another agent B's mental state only if A and B have been in the same room, or have private or public interactions.
<|im_end|>
<|im_start|>user
Read the following story and answer the question. 
Story: Emma and Charlotte entered the office.
The hat is in the wallet.
Emma moved the hat to the jar.
Emma exited the office.
Charlotte moved the hat to the tin.
Charlotte exited the office.
Emma and Charlotte entered the waiting_room.
Question: Where does Emma really think the hat is?
<|im_end|>
<|im_start|>assistant
<answer>",205,"{'A-': 205, 'V': 158, 'QK_C': 190, 'QK_I': 194, 'VK_C': 152, 'VK_I': 155, 'start': 136}"
1,False,"Emily and James entered the study.
The apple is in the holder.
Emily moved the apple to the packet.
Emily exited the study.
James moved the apple to the can.
James exited the study.
Emily and James entered the waiting_room.",Where does Emily really think the apple is?,packet,"A. holder, B. packet, C. can",holder,can,"You are a helpful assistant. When the user asks you a question, you can not show any reasoning or thinking process but directly provide the answer within <answer> </answer> tags. You need to provide an answer within 10 tokens and you do not need to show your reasoning process about the psychological changes of characters.
Note: You should assume the following.
(1) An agent witnesses everything and every movement before exiting a room.
(2) An agent A can infer another agent B's mental state only if A and B have been in the same room, or have private or public interactions.
<|im_end|>
<|im_start|>user
Read the following story and answer the question. 
Story: Emily and James entered the study.
The apple is in the holder.
Emily moved the apple to the packet.
Emily exited the study.
James moved the apple to the can.
James exited the study.
Emily and James entered the waiting_room.
Question: Where does Emily really think the apple is?
<|im_end|>
<|im_start|>assistant
<answer>",205,"{'A-': 205, 'V': 158, 'QK_C': 190, 'QK_I': 194, 'VK_C': 152, 'VK_I': 155, 'start': 136}"
1,False,"Elizabeth and Emily entered the office.
The banana is in the jar.
Elizabeth moved the banana to the bucket.
Elizabeth exited the office.
Emily moved the banana to the holder.
Emily exited the office.
Elizabeth and Emily entered the waiting_room.",Where does Emily really think the banana is?,holder,"A. jar, B. bucket, C. holder",jar,bucket,"You are a helpful assistant. When the user asks you a question, you can not show any reasoning or thinking process but directly provide the answer within <answer> </answer> tags. You need to provide an answer within 10 tokens and you do not need to show your reasoning process about the psychological changes of characters.
Note: You should assume the following.
(1) An agent witnesses everything and every movement before exiting a room.
(2) An agent A can infer another agent B's mental state only if A and B have been in the same room, or have private or public interactions.
<|im_end|>
<|im_start|>user
Read the following story and answer the question. 
Story: Elizabeth and Emily entered the office.
The banana is in the jar.
Elizabeth moved the banana to the bucket.
Elizabeth exited the office.
Emily moved the banana to the holder.
Emily exited the office.
Elizabeth and Emily entered the waiting_room.
Question: Where does Emily really think the banana is?
<|im_end|>
<|im_start|>assistant
<answer>",205,"{'A-': 205, 'V': 171, 'QK_C': 190, 'QK_I': 194, 'VK_C': 165, 'VK_I': 168, 'start': 136}"
1,False,"Emma and Jack entered the hall.
The tie is in the bin.
Emma moved the tie to the urn.
Emma exited the hall.
Jack moved the tie to the box.
Jack exited the hall.
Emma and Jack entered the waiting_room.",Where does Emma really think the tie is?,urn,"A. bin, B. urn, C. box",bin,box,"You are a helpful assistant. When the user asks you a question, you can not show any reasoning or thinking process but directly provide the answer within <answer> </answer> tags. You need to provide an answer within 10 tokens and you do not need to show your reasoning process about the psychological changes of characters.
Note: You should assume the following.
(1) An agent witnesses everything and every movement before exiting a room.
(2) An agent A can infer another agent B's mental state only if A and B have been in the same room, or have private or public interactions.
<|im_end|>
<|im_start|>user
Read the following story and answer the question. 
Story: Emma and Jack entered the hall.
The tie is in the bin.
Emma moved the tie to the urn.
Emma exited the hall.
Jack moved the tie to the box.
Jack exited the hall.
Emma and Jack entered the waiting_room.
Question: Where does Emma really think the tie is?
<|im_end|>
<|im_start|>assistant
<answer>",205,"{'A-': 205, 'V': 158, 'QK_C': 190, 'QK_I': 194, 'VK_C': 152, 'VK_I': 155, 'start': 136}"
1,False,"Jack and Elizabeth entered the den.
The lime is in the container.
Jack moved the lime to the bin.
Jack exited the den.
Elizabeth moved the lime to the urn.
Elizabeth exited the den.
Jack and Elizabeth entered the waiting_room.",Where does Jack really think the lime is?,bin,"A. container, B. bin, C. urn",container,urn,"You are a helpful assistant. When the user asks you a question, you can not show any reasoning or thinking process but directly provide the answer within <answer> </answer> tags. You need to provide an answer within 10 tokens and you do not need to show your reasoning process about the psychological changes of characters.
Note: You should assume the following.
(1) An agent witnesses everything and every movement before exiting a room.
(2) An agent A can infer another agent B's mental state only if A and B have been in the same room, or have private or public interactions.
<|im_end|>
<|im_start|>user
Read the following story and answer the question. 
Story: Jack and Elizabeth entered the den.
The lime is in the container.
Jack moved the lime to the bin.
Jack exited the den.
Elizabeth moved the lime to the urn.
Elizabeth exited the den.
Jack and Elizabeth entered the waiting_room.
Question: Where does Jack really think the lime is?
<|im_end|>
<|im_start|>assistant
<answer>",205,"{'A-': 205, 'V': 158, 'QK_C': 190, 'QK_I': 194, 'VK_C': 152, 'VK_I': 155, 'start': 136}"
1,False,"Jackson and William entered the study.
The dress is in the bucket.
Jackson moved the dress to the can.
Jackson exited the study.
William moved the dress to the drawer.
William exited the study.
Jackson and William entered the waiting_room.",Where does William really think the dress is?,drawer,"A. bucket, B. can, C. drawer",bucket,can,"You are a helpful assistant. When the user asks you a question, you can not show any reasoning or thinking process but directly provide the answer within <answer> </answer> tags. You need to provide an answer within 10 tokens and you do not need to show your reasoning process about the psychological changes of characters.
Note: You should assume the following.
(1) An agent witnesses everything and every movement before exiting a room.
(2) An agent A can infer another agent B's mental state only if A and B have been in the same room, or have private or public interactions.
<|im_end|>
<|im_start|>user
Read the following story and answer the question. 
Story: Jackson and William entered the study.
The dress is in the bucket.
Jackson moved the dress to the can.
Jackson exited the study.
William moved the dress to the drawer.
William exited the study.
Jackson and William entered the waiting_room.
Question: Where does William really think the dress is?
<|im_end|>
<|im_start|>assistant
<answer>",205,"{'A-': 205, 'V': 171, 'QK_C': 190, 'QK_I': 194, 'VK_C': 165, 'VK_I': 168, 'start': 136}"
1,False,"Jackson and Jack entered the den.
The hat is in the jar.
Jackson moved the hat to the bag.
Jackson exited the den.
Jack moved the hat to the crate.
Jack exited the den.
Jackson and Jack entered the waiting_room.",Where does Jackson really think the hat is?,bag,"A. jar, B. bag, C. crate",jar,crate,"You are a helpful assistant. When the user asks you a question, you can not show any reasoning or thinking process but directly provide the answer within <answer> </answer> tags. You need to provide an answer within 10 tokens and you do not need to show your reasoning process about the psychological changes of characters.
Note: You should assume the following.
(1) An agent witnesses everything and every movement before exiting a room.
(2) An agent A can infer another agent B's mental state only if A and B have been in the same room, or have private or public interactions.
<|im_end|>
<|im_start|>user
Read the following story and answer the question. 
Story: Jackson and Jack entered the den.
The hat is in the jar.
Jackson moved the hat to the bag.
Jackson exited the den.
Jack moved the hat to the crate.
Jack exited the den.
Jackson and Jack entered the waiting_room.
Question: Where does Jackson really think the hat is?
<|im_end|>
<|im_start|>assistant
<answer>",205,"{'A-': 205, 'V': 158, 'QK_C': 190, 'QK_I': 194, 'VK_C': 152, 'VK_I': 155, 'start': 136}"
1,False,"Jacob and Charlotte entered the hall.
The corn is in the crate.
Jacob moved the corn to the basket.
Jacob exited the hall.
Charlotte moved the corn to the jar.
Charlotte exited the hall.
Jacob and Charlotte entered the waiting_room.",Where does Jacob really think the corn is?,basket,"A. crate, B. basket, C. jar",crate,jar,"You are a helpful assistant. When the user asks you a question, you can not show any reasoning or thinking process but directly provide the answer within <answer> </answer> tags. You need to provide an answer within 10 tokens and you do not need to show your reasoning process about the psychological changes of characters.
Note: You should assume the following.
(1) An agent witnesses everything and every movement before exiting a room.
(2) An agent A can infer another agent B's mental state only if A and B have been in the same room, or have private or public interactions.
<|im_end|>
<|im_start|>user
Read the following story and answer the question. 
Story: Jacob and Charlotte entered the hall.
The corn is in the crate.
Jacob moved the corn to the basket.
Jacob exited the hall.
Charlotte moved the corn to the jar.
Charlotte exited the hall.
Jacob and Charlotte entered the waiting_room.
Question: Where does Jacob really think the corn is?
<|im_end|>
<|im_start|>assistant
<answer>",205,"{'A-': 205, 'V': 158, 'QK_C': 190, 'QK_I': 194, 'VK_C': 152, 'VK_I': 155, 'start': 136}"
1,False,"William and Charlotte entered the office.
The corn is in the tank.
William moved the corn to the container.
William exited the office.
Charlotte moved the corn to the bag.
Charlotte exited the office.
William and Charlotte entered the waiting_room.",Where does William really think the corn is?,container,"A. tank, B. container, C. bag",tank,bag,"You are a helpful assistant. When the user asks you a question, you can not show any reasoning or thinking process but directly provide the answer within <answer> </answer> tags. You need to provide an answer within 10 tokens and you do not need to show your reasoning process about the psychological changes of characters.
Note: You should assume the following.
(1) An agent witnesses everything and every movement before exiting a room.
(2) An agent A can infer another agent B's mental state only if A and B have been in the same room, or have private or public interactions.
<|im_end|>
<|im_start|>user
Read the following story and answer the question. 
Story: William and Charlotte entered the office.
The corn is in the tank.
William moved the corn to the container.
William exited the office.
Charlotte moved the corn to the bag.
Charlotte exited the office.
William and Charlotte entered the waiting_room.
Question: Where does William really think the corn is?
<|im_end|>
<|im_start|>assistant
<answer>",205,"{'A-': 205, 'V': 158, 'QK_C': 190, 'QK_I': 194, 'VK_C': 152, 'VK_I': 155, 'start': 136}"
1,False,"James and Jack entered the study.
The corn is in the can.
James moved the corn to the wallet.
James exited the study.
Jack moved the corn to the pot.
Jack exited the study.
James and Jack entered the waiting_room.",Where does Jack really think the corn is?,pot,"A. can, B. wallet, C. pot",can,wallet,"You are a helpful assistant. When the user asks you a question, you can not show any reasoning or thinking process but directly provide the answer within <answer> </answer> tags. You need to provide an answer within 10 tokens and you do not need to show your reasoning process about the psychological changes of characters.
Note: You should assume the following.
(1) An agent witnesses everything and every movement before exiting a room.
(2) An agent A can infer another agent B's mental state only if A and B have been in the same room, or have private or public interactions.
<|im_end|>
<|im_start|>user
Read the following story and answer the question. 
Story: James and Jack entered the study.
The corn is in the can.
James moved the corn to the wallet.
James exited the study.
Jack moved the corn to the pot.
Jack exited the study.
James and Jack entered the waiting_room.
Question: Where does Jack really think the corn is?
<|im_end|>
<|im_start|>assistant
<answer>",205,"{'A-': 205, 'V': 171, 'QK_C': 190, 'QK_I': 194, 'VK_C': 165, 'VK_I': 168, 'start': 136}"
1,False,"William and Alexander entered the study.
The pants is in the can.
William moved the pants to the container.
William exited the study.
Alexander moved the pants to the basket.
Alexander exited the study.
William and Alexander entered the waiting_room.",Where does Alexander really think the pants is?,basket,"A. can, B. container, C. basket",can,container,"You are a helpful assistant. When the user asks you a question, you can not show any reasoning or thinking process but directly provide the answer within <answer> </answer> tags. You need to provide an answer within 10 tokens and you do not need to show your reasoning process about the psychological changes of characters.
Note: You should assume the following.
(1) An agent witnesses everything and every movement before exiting a room.
(2) An agent A can infer another agent B's mental state only if A and B have been in the same room, or have private or public interactions.
<|im_end|>
<|im_start|>user
Read the following story and answer the question. 
Story: William and Alexander entered the study.
The pants is in the can.
William moved the pants to the container.
William exited the study.
Alexander moved the pants to the basket.
Alexander exited the study.
William and Alexander entered the waiting_room.
Question: Where does Alexander really think the pants is?
<|im_end|>
<|im_start|>assistant
<answer>",205,"{'A-': 205, 'V': 171, 'QK_C': 190, 'QK_I': 194, 'VK_C': 165, 'VK_I': 168, 'start': 136}"
1,False,"Jack and Charlotte entered the hall.
The lime is in the case.
Jack moved the lime to the can.
Jack exited the hall.
Charlotte moved the lime to the wallet.
Charlotte exited the hall.
Jack and Charlotte entered the waiting_room.",Where does Jack really think the lime is?,can,"A. case, B. can, C. wallet",case,wallet,"You are a helpful assistant. When the user asks you a question, you can not show any reasoning or thinking process but directly provide the answer within <answer> </answer> tags. You need to provide an answer within 10 tokens and you do not need to show your reasoning process about the psychological changes of characters.
Note: You should assume the following.
(1) An agent witnesses everything and every movement before exiting a room.
(2) An agent A can infer another agent B's mental state only if A and B have been in the same room, or have private or public interactions.
<|im_end|>
<|im_start|>user
Read the following story and answer the question. 
Story: Jack and Charlotte entered the hall.
The lime is in the case.
Jack moved the lime to the can.
Jack exited the hall.
Charlotte moved the lime to the wallet.
Charlotte exited the hall.
Jack and Charlotte entered the waiting_room.
Question: Where does Jack really think the lime is?
<|im_end|>
<|im_start|>assistant
<answer>",205,"{'A-': 205, 'V': 15, 'QK_C': 190, 'QK_I': 194, 'VK_C': -1, 'VK_I': -1, 'start': 136}"
1,False,"Jacob and Charlotte entered the den.
The banana is in the bin.
Jacob moved the banana to the basket.
Jacob exited the den.
Charlotte moved the banana to the can.
Charlotte exited the den.
Jacob and Charlotte entered the waiting_room.",Where does Charlotte really think the banana is?,can,"A. bin, B. basket, C. can",bin,basket,"You are a helpful assistant. When the user asks you a question, you can not show any reasoning or thinking process but directly provide the answer within <answer> </answer> tags. You need to provide an answer within 10 tokens and you do not need to show your reasoning process about the psychological changes of characters.
Note: You should assume the following.
(1) An agent witnesses everything and every movement before exiting a room.
(2) An agent A can infer another agent B's mental state only if A and B have been in the same room, or have private or public interactions.
<|im_end|>
<|im_start|>user
Read the following story and answer the question. 
Story: Jacob and Charlotte entered the den.
The banana is in the bin.
Jacob moved the banana to the basket.
Jacob exited the den.
Charlotte moved the banana to the can.
Charlotte exited the den.
Jacob and Charlotte entered the waiting_room.
Question: Where does Charlotte really think the banana is?
<|im_end|>
<|im_start|>assistant
<answer>",205,"{'A-': 205, 'V': 15, 'QK_C': 190, 'QK_I': 194, 'VK_C': -1, 'VK_I': -1, 'start': 136}"
1,False,"Elizabeth and Alexander entered the den.
The shirt is in the case.
Elizabeth moved the shirt to the tank.
Elizabeth exited the den.
Alexander moved the shirt to the wallet.
Alexander exited the den.
Elizabeth and Alexander entered the waiting_room.",Where does Alexander really think the shirt is?,wallet,"A. case, B. tank, C. wallet",case,tank,"You are a helpful assistant. When the user asks you a question, you can not show any reasoning or thinking process but directly provide the answer within <answer> </answer> tags. You need to provide an answer within 10 tokens and you do not need to show your reasoning process about the psychological changes of characters.
Note: You should assume the following.
(1) An agent witnesses everything and every movement before exiting a room.
(2) An agent A can infer another agent B's mental state only if A and B have been in the same room, or have private or public interactions.
<|im_end|>
<|im_start|>user
Read the following story and answer the question. 
Story: Elizabeth and Alexander entered the den.
The shirt is in the case.
Elizabeth moved the shirt to the tank.
Elizabeth exited the den.
Alexander moved the shirt to the wallet.
Alexander exited the den.
Elizabeth and Alexander entered the waiting_room.
Question: Where does Alexander really think the shirt is?
<|im_end|>
<|im_start|>assistant
<answer>",205,"{'A-': 205, 'V': 171, 'QK_C': 190, 'QK_I': 194, 'VK_C': 165, 'VK_I': 168, 'start': 136}"
1,False,"William and Jackson entered the office.
The dress is in the box.
William moved the dress to the container.
William exited the office.
Jackson moved the dress to the crate.
Jackson exited the office.
William and Jackson entered the waiting_room.",Where does William really think the dress is?,container,"A. box, B. container, C. crate",box,crate,"You are a helpful assistant. When the user asks you a question, you can not show any reasoning or thinking process but directly provide the answer within <answer> </answer> tags. You need to provide an answer within 10 tokens and you do not need to show your reasoning process about the psychological changes of characters.
Note: You should assume the following.
(1) An agent witnesses everything and every movement before exiting a room.
(2) An agent A can infer another agent B's mental state only if A and B have been in the same room, or have private or public interactions.
<|im_end|>
<|im_start|>user
Read the following story and answer the question. 
Story: William and Jackson entered the office.
The dress is in the box.
William moved the dress to the container.
William exited the office.
Jackson moved the dress to the crate.
Jackson exited the office.
William and Jackson entered the waiting_room.
Question: Where does William really think the dress is?
<|im_end|>
<|im_start|>assistant
<answer>",205,"{'A-': 205, 'V': 158, 'QK_C': 190, 'QK_I': 194, 'VK_C': 152, 'VK_I': 155, 'start': 136}"
1,False,"Jacob and Elizabeth entered the den.
The cap is in the tank.
Jacob moved the cap to the holder.
Jacob exited the den.
Elizabeth moved the cap to the bin.
Elizabeth exited the den.
Jacob and Elizabeth entered the waiting_room.",Where does Jacob really think the cap is?,holder,"A. tank, B. holder, C. bin",tank,bin,"You are a helpful assistant. When the user asks you a question, you can not show any reasoning or thinking process but directly provide the answer within <answer> </answer> tags. You need to provide an answer within 10 tokens and you do not need to show your reasoning process about the psychological changes of characters.
Note: You should assume the following.
(1) An agent witnesses everything and every movement before exiting a room.
(2) An agent A can infer another agent B's mental state only if A and B have been in the same room, or have private or public interactions.
<|im_end|>
<|im_start|>user
Read the following story and answer the question. 
Story: Jacob and Elizabeth entered the den.
The cap is in the tank.
Jacob moved the cap to the holder.
Jacob exited the den.
Elizabeth moved the cap to the bin.
Elizabeth exited the den.
Jacob and Elizabeth entered the waiting_room.
Question: Where does Jacob really think the cap is?
<|im_end|>
<|im_start|>assistant
<answer>",205,"{'A-': 205, 'V': 158, 'QK_C': 190, 'QK_I': 194, 'VK_C': 152, 'VK_I': 155, 'start': 136}"
1,False,"Jacob and William entered the hall.
The banana is in the bin.
Jacob moved the banana to the basket.
Jacob exited the hall.
William moved the banana to the case.
William exited the hall.
Jacob and William entered the waiting_room.",Where does William really think the banana is?,case,"A. bin, B. basket, C. case",bin,basket,"You are a helpful assistant. When the user asks you a question, you can not show any reasoning or thinking process but directly provide the answer within <answer> </answer> tags. You need to provide an answer within 10 tokens and you do not need to show your reasoning process about the psychological changes of characters.
Note: You should assume the following.
(1) An agent witnesses everything and every movement before exiting a room.
(2) An agent A can infer another agent B's mental state only if A and B have been in the same room, or have private or public interactions.
<|im_end|>
<|im_start|>user
Read the following story and answer the question. 
Story: Jacob and William entered the hall.
The banana is in the bin.
Jacob moved the banana to the basket.
Jacob exited the hall.
William moved the banana to the case.
William exited the hall.
Jacob and William entered the waiting_room.
Question: Where does William really think the banana is?
<|im_end|>
<|im_start|>assistant
<answer>",205,"{'A-': 205, 'V': 171, 'QK_C': 190, 'QK_I': 194, 'VK_C': 165, 'VK_I': 168, 'start': 136}"
1,False,"Emily and Jacob entered the study.
The apple is in the bag.
Emily moved the apple to the bin.
Emily exited the study.
Jacob moved the apple to the box.
Jacob exited the study.
Emily and Jacob entered the waiting_room.",Where does Jacob really think the apple is?,box,"A. bag, B. bin, C. box",bag,bin,"You are a helpful assistant. When the user asks you a question, you can not show any reasoning or thinking process but directly provide the answer within <answer> </answer> tags. You need to provide an answer within 10 tokens and you do not need to show your reasoning process about the psychological changes of characters.
Note: You should assume the following.
(1) An agent witnesses everything and every movement before exiting a room.
(2) An agent A can infer another agent B's mental state only if A and B have been in the same room, or have private or public interactions.
<|im_end|>
<|im_start|>user
Read the following story and answer the question. 
Story: Emily and Jacob entered the study.
The apple is in the bag.
Emily moved the apple to the bin.
Emily exited the study.
Jacob moved the apple to the box.
Jacob exited the study.
Emily and Jacob entered the waiting_room.
Question: Where does Jacob really think the apple is?
<|im_end|>
<|im_start|>assistant
<answer>",205,"{'A-': 205, 'V': 171, 'QK_C': 190, 'QK_I': 194, 'VK_C': 165, 'VK_I': 168, 'start': 136}"
1,False,"Jack and Emily entered the study.
The coat is in the box.
Jack moved the coat to the can.
Jack exited the study.
Emily moved the coat to the tank.
Emily exited the study.
Jack and Emily entered the waiting_room.",Where does Emily really think the coat is?,tank,"A. box, B. can, C. tank",box,can,"You are a helpful assistant. When the user asks you a question, you can not show any reasoning or thinking process but directly provide the answer within <answer> </answer> tags. You need to provide an answer within 10 tokens and you do not need to show your reasoning process about the psychological changes of characters.
Note: You should assume the following.
(1) An agent witnesses everything and every movement before exiting a room.
(2) An agent A can infer another agent B's mental state only if A and B have been in the same room, or have private or public interactions.
<|im_end|>
<|im_start|>user
Read the following story and answer the question. 
Story: Jack and Emily entered the study.
The coat is in the box.
Jack moved the coat to the can.
Jack exited the study.
Emily moved the coat to the tank.
Emily exited the study.
Jack and Emily entered the waiting_room.
Question: Where does Emily really think the coat is?
<|im_end|>
<|im_start|>assistant
<answer>",205,"{'A-': 205, 'V': 171, 'QK_C': 190, 'QK_I': 194, 'VK_C': 165, 'VK_I': 168, 'start': 136}"
1,False,"Alexander and Emma entered the hall.
The tie is in the crate.
Alexander moved the tie to the basket.
Alexander exited the hall.
Emma moved the tie to the bin.
Emma exited the hall.
Alexander and Emma entered the waiting_room.",Where does Emma really think the tie is?,bin,"A. crate, B. basket, C. bin",crate,basket,"You are a helpful assistant. When the user asks you a question, you can not show any reasoning or thinking process but directly provide the answer within <answer> </answer> tags. You need to provide an answer within 10 tokens and you do not need to show your reasoning process about the psychological changes of characters.
Note: You should assume the following.
(1) An agent witnesses everything and every movement before exiting a room.
(2) An agent A can infer another agent B's mental state only if A and B have been in the same room, or have private or public interactions.
<|im_end|>
<|im_start|>user
Read the following story and answer the question. 
Story: Alexander and Emma entered the hall.
The tie is in the crate.
Alexander moved the tie to the basket.
Alexander exited the hall.
Emma moved the tie to the bin.
Emma exited the hall.
Alexander and Emma entered the waiting_room.
Question: Where does Emma really think the tie is?
<|im_end|>
<|im_start|>assistant
<answer>",205,"{'A-': 205, 'V': 171, 'QK_C': 190, 'QK_I': 194, 'VK_C': 165, 'VK_I': 168, 'start': 136}"
1,False,"William and Jackson entered the study.
The hat is in the tank.
William moved the hat to the can.
William exited the study.
Jackson moved the hat to the case.
Jackson exited the study.
William and Jackson entered the waiting_room.",Where does Jackson really think the hat is?,case,"A. tank, B. can, C. case",tank,can,"You are a helpful assistant. When the user asks you a question, you can not show any reasoning or thinking process but directly provide the answer within <answer> </answer> tags. You need to provide an answer within 10 tokens and you do not need to show your reasoning process about the psychological changes of characters.
Note: You should assume the following.
(1) An agent witnesses everything and every movement before exiting a room.
(2) An agent A can infer another agent B's mental state only if A and B have been in the same room, or have private or public interactions.
<|im_end|>
<|im_start|>user
Read the following story and answer the question. 
Story: William and Jackson entered the study.
The hat is in the tank.
William moved the hat to the can.
William exited the study.
Jackson moved the hat to the case.
Jackson exited the study.
William and Jackson entered the waiting_room.
Question: Where does Jackson really think the hat is?
<|im_end|>
<|im_start|>assistant
<answer>",205,"{'A-': 205, 'V': 171, 'QK_C': 190, 'QK_I': 194, 'VK_C': 165, 'VK_I': 168, 'start': 136}"
1,False,"Emily and Emma entered the office.
The shirt is in the bag.
Emily moved the shirt to the tin.
Emily exited the office.
Emma moved the shirt to the crate.
Emma exited the office.
Emily and Emma entered the waiting_room.",Where does Emily really think the shirt is?,tin,"A. bag, B. tin, C. crate",bag,crate,"You are a helpful assistant. When the user asks you a question, you can not show any reasoning or thinking process but directly provide the answer within <answer> </answer> tags. You need to provide an answer within 10 tokens and you do not need to show your reasoning process about the psychological changes of characters.
Note: You should assume the following.
(1) An agent witnesses everything and every movement before exiting a room.
(2) An agent A can infer another agent B's mental state only if A and B have been in the same room, or have private or public interactions.
<|im_end|>
<|im_start|>user
Read the following story and answer the question. 
Story: Emily and Emma entered the office.
The shirt is in the bag.
Emily moved the shirt to the tin.
Emily exited the office.
Emma moved the shirt to the crate.
Emma exited the office.
Emily and Emma entered the waiting_room.
Question: Where does Emily really think the shirt is?
<|im_end|>
<|im_start|>assistant
<answer>",205,"{'A-': 205, 'V': 158, 'QK_C': 190, 'QK_I': 194, 'VK_C': 152, 'VK_I': 155, 'start': 136}"
1,False,"James and Jacob entered the office.
The dress is in the jar.
James moved the dress to the can.
James exited the office.
Jacob moved the dress to the wallet.
Jacob exited the office.
James and Jacob entered the waiting_room.",Where does Jacob really think the dress is?,wallet,"A. jar, B. can, C. wallet",jar,can,"You are a helpful assistant. When the user asks you a question, you can not show any reasoning or thinking process but directly provide the answer within <answer> </answer> tags. You need to provide an answer within 10 tokens and you do not need to show your reasoning process about the psychological changes of characters.
Note: You should assume the following.
(1) An agent witnesses everything and every movement before exiting a room.
(2) An agent A can infer another agent B's mental state only if A and B have been in the same room, or have private or public interactions.
<|im_end|>
<|im_start|>user
Read the following story and answer the question. 
Story: James and Jacob entered the office.
The dress is in the jar.
James moved the dress to the can.
James exited the office.
Jacob moved the dress to the wallet.
Jacob exited the office.
James and Jacob entered the waiting_room.
Question: Where does Jacob really think the dress is?
<|im_end|>
<|im_start|>assistant
<answer>",205,"{'A-': 205, 'V': 171, 'QK_C': 190, 'QK_I': 194, 'VK_C': 165, 'VK_I': 168, 'start': 136}"
1,False,"Charlotte and Elizabeth entered the den.
The tie is in the tin.
Charlotte moved the tie to the case.
Charlotte exited the den.
Elizabeth moved the tie to the tank.
Elizabeth exited the den.
Charlotte and Elizabeth entered the waiting_room.",Where does Charlotte really think the tie is?,case,"A. tin, B. case, C. tank",tin,tank,"You are a helpful assistant. When the user asks you a question, you can not show any reasoning or thinking process but directly provide the answer within <answer> </answer> tags. You need to provide an answer within 10 tokens and you do not need to show your reasoning process about the psychological changes of characters.
Note: You should assume the following.
(1) An agent witnesses everything and every movement before exiting a room.
(2) An agent A can infer another agent B's mental state only if A and B have been in the same room, or have private or public interactions.
<|im_end|>
<|im_start|>user
Read the following story and answer the question. 
Story: Charlotte and Elizabeth entered the den.
The tie is in the tin.
Charlotte moved the tie to the case.
Charlotte exited the den.
Elizabeth moved the tie to the tank.
Elizabeth exited the den.
Charlotte and Elizabeth entered the waiting_room.
Question: Where does Charlotte really think the tie is?
<|im_end|>
<|im_start|>assistant
<answer>",205,"{'A-': 205, 'V': 158, 'QK_C': 190, 'QK_I': 194, 'VK_C': 152, 'VK_I': 155, 'start': 136}"
1,False,"Jacob and Emma entered the study.
The tie is in the bag.
Jacob moved the tie to the holder.
Jacob exited the study.
Emma moved the tie to the basket.
Emma exited the study.
Jacob and Emma entered the waiting_room.",Where does Jacob really think the tie is?,holder,"A. bag, B. holder, C. basket",bag,basket,"You are a helpful assistant. When the user asks you a question, you can not show any reasoning or thinking process but directly provide the answer within <answer> </answer> tags. You need to provide an answer within 10 tokens and you do not need to show your reasoning process about the psychological changes of characters.
Note: You should assume the following.
(1) An agent witnesses everything and every movement before exiting a room.
(2) An agent A can infer another agent B's mental state only if A and B have been in the same room, or have private or public interactions.
<|im_end|>
<|im_start|>user
Read the following story and answer the question. 
Story: Jacob and Emma entered the study.
The tie is in the bag.
Jacob moved the tie to the holder.
Jacob exited the study.
Emma moved the tie to the basket.
Emma exited the study.
Jacob and Emma entered the waiting_room.
Question: Where does Jacob really think the tie is?
<|im_end|>
<|im_start|>assistant
<answer>",205,"{'A-': 205, 'V': 158, 'QK_C': 190, 'QK_I': 194, 'VK_C': 152, 'VK_I': 155, 'start': 136}"
1,False,"Jack and Jacob entered the hall.
The hat is in the container.
Jack moved the hat to the basket.
Jack exited the hall.
Jacob moved the hat to the box.
Jacob exited the hall.
Jack and Jacob entered the waiting_room.",Where does Jack really think the hat is?,basket,"A. container, B. basket, C. box",container,box,"You are a helpful assistant. When the user asks you a question, you can not show any reasoning or thinking process but directly provide the answer within <answer> </answer> tags. You need to provide an answer within 10 tokens and you do not need to show your reasoning process about the psychological changes of characters.
Note: You should assume the following.
(1) An agent witnesses everything and every movement before exiting a room.
(2) An agent A can infer another agent B's mental state only if A and B have been in the same room, or have private or public interactions.
<|im_end|>
<|im_start|>user
Read the following story and answer the question. 
Story: Jack and Jacob entered the hall.
The hat is in the container.
Jack moved the hat to the basket.
Jack exited the hall.
Jacob moved the hat to the box.
Jacob exited the hall.
Jack and Jacob entered the waiting_room.
Question: Where does Jack really think the hat is?
<|im_end|>
<|im_start|>assistant
<answer>",205,"{'A-': 205, 'V': 158, 'QK_C': 190, 'QK_I': 194, 'VK_C': 152, 'VK_I': 155, 'start': 136}"
1,False,"Emily and Jacob entered the office.
The apple is in the bag.
Emily moved the apple to the urn.
Emily exited the office.
Jacob moved the apple to the can.
Jacob exited the office.
Emily and Jacob entered the waiting_room.",Where does Emily really think the apple is?,urn,"A. bag, B. urn, C. can",bag,can,"You are a helpful assistant. When the user asks you a question, you can not show any reasoning or thinking process but directly provide the answer within <answer> </answer> tags. You need to provide an answer within 10 tokens and you do not need to show your reasoning process about the psychological changes of characters.
Note: You should assume the following.
(1) An agent witnesses everything and every movement before exiting a room.
(2) An agent A can infer another agent B's mental state only if A and B have been in the same room, or have private or public interactions.
<|im_end|>
<|im_start|>user
Read the following story and answer the question. 
Story: Emily and Jacob entered the office.
The apple is in the bag.
Emily moved the apple to the urn.
Emily exited the office.
Jacob moved the apple to the can.
Jacob exited the office.
Emily and Jacob entered the waiting_room.
Question: Where does Emily really think the apple is?
<|im_end|>
<|im_start|>assistant
<answer>",205,"{'A-': 205, 'V': 158, 'QK_C': 190, 'QK_I': 194, 'VK_C': 152, 'VK_I': 155, 'start': 136}"
1,False,"Jackson and Jacob entered the den.
The lime is in the box.
Jackson moved the lime to the container.
Jackson exited the den.
Jacob moved the lime to the holder.
Jacob exited the den.
Jackson and Jacob entered the waiting_room.",Where does Jackson really think the lime is?,container,"A. box, B. container, C. holder",box,holder,"You are a helpful assistant. When the user asks you a question, you can not show any reasoning or thinking process but directly provide the answer within <answer> </answer> tags. You need to provide an answer within 10 tokens and you do not need to show your reasoning process about the psychological changes of characters.
Note: You should assume the following.
(1) An agent witnesses everything and every movement before exiting a room.
(2) An agent A can infer another agent B's mental state only if A and B have been in the same room, or have private or public interactions.
<|im_end|>
<|im_start|>user
Read the following story and answer the question. 
Story: Jackson and Jacob entered the den.
The lime is in the box.
Jackson moved the lime to the container.
Jackson exited the den.
Jacob moved the lime to the holder.
Jacob exited the den.
Jackson and Jacob entered the waiting_room.
Question: Where does Jackson really think the lime is?
<|im_end|>
<|im_start|>assistant
<answer>",205,"{'A-': 205, 'V': 158, 'QK_C': 190, 'QK_I': 194, 'VK_C': 152, 'VK_I': 155, 'start': 136}"
1,False,"Charlotte and William entered the study.
The tie is in the bin.
Charlotte moved the tie to the bag.
Charlotte exited the study.
William moved the tie to the tin.
William exited the study.
Charlotte and William entered the waiting_room.",Where does William really think the tie is?,tin,"A. bin, B. bag, C. tin",bin,bag,"You are a helpful assistant. When the user asks you a question, you can not show any reasoning or thinking process but directly provide the answer within <answer> </answer> tags. You need to provide an answer within 10 tokens and you do not need to show your reasoning process about the psychological changes of characters.
Note: You should assume the following.
(1) An agent witnesses everything and every movement before exiting a room.
(2) An agent A can infer another agent B's mental state only if A and B have been in the same room, or have private or public interactions.
<|im_end|>
<|im_start|>user
Read the following story and answer the question. 
Story: Charlotte and William entered the study.
The tie is in the bin.
Charlotte moved the tie to the bag.
Charlotte exited the study.
William moved the tie to the tin.
William exited the study.
Charlotte and William entered the waiting_room.
Question: Where does William really think the tie is?
<|im_end|>
<|im_start|>assistant
<answer>",205,"{'A-': 205, 'V': 171, 'QK_C': 190, 'QK_I': 194, 'VK_C': 165, 'VK_I': 168, 'start': 136}"
1,False,"Jacob and William entered the study.
The coat is in the case.
Jacob moved the coat to the bin.
Jacob exited the study.
William moved the coat to the box.
William exited the study.
Jacob and William entered the waiting_room.",Where does Jacob really think the coat is?,bin,"A. case, B. bin, C. box",case,box,"You are a helpful assistant. When the user asks you a question, you can not show any reasoning or thinking process but directly provide the answer within <answer> </answer> tags. You need to provide an answer within 10 tokens and you do not need to show your reasoning process about the psychological changes of characters.
Note: You should assume the following.
(1) An agent witnesses everything and every movement before exiting a room.
(2) An agent A can infer another agent B's mental state only if A and B have been in the same room, or have private or public interactions.
<|im_end|>
<|im_start|>user
Read the following story and answer the question. 
Story: Jacob and William entered the study.
The coat is in the case.
Jacob moved the coat to the bin.
Jacob exited the study.
William moved the coat to the box.
William exited the study.
Jacob and William entered the waiting_room.
Question: Where does Jacob really think the coat is?
<|im_end|>
<|im_start|>assistant
<answer>",205,"{'A-': 205, 'V': 158, 'QK_C': 190, 'QK_I': 194, 'VK_C': 152, 'VK_I': 155, 'start': 136}"
1,False,"Jacob and Emma entered the den.
The coat is in the case.
Jacob moved the coat to the can.
Jacob exited the den.
Emma moved the coat to the wallet.
Emma exited the den.
Jacob and Emma entered the waiting_room.",Where does Jacob really think the coat is?,can,"A. case, B. can, C. wallet",case,wallet,"You are a helpful assistant. When the user asks you a question, you can not show any reasoning or thinking process but directly provide the answer within <answer> </answer> tags. You need to provide an answer within 10 tokens and you do not need to show your reasoning process about the psychological changes of characters.
Note: You should assume the following.
(1) An agent witnesses everything and every movement before exiting a room.
(2) An agent A can infer another agent B's mental state only if A and B have been in the same room, or have private or public interactions.
<|im_end|>
<|im_start|>user
Read the following story and answer the question. 
Story: Jacob and Emma entered the den.
The coat is in the case.
Jacob moved the coat to the can.
Jacob exited the den.
Emma moved the coat to the wallet.
Emma exited the den.
Jacob and Emma entered the waiting_room.
Question: Where does Jacob really think the coat is?
<|im_end|>
<|im_start|>assistant
<answer>",205,"{'A-': 205, 'V': 15, 'QK_C': 190, 'QK_I': 194, 'VK_C': -1, 'VK_I': -1, 'start': 136}"
1,False,"Jacob and Elizabeth entered the study.
The apple is in the wallet.
Jacob moved the apple to the tin.
Jacob exited the study.
Elizabeth moved the apple to the bag.
Elizabeth exited the study.
Jacob and Elizabeth entered the waiting_room.",Where does Jacob really think the apple is?,tin,"A. wallet, B. tin, C. bag",wallet,bag,"You are a helpful assistant. When the user asks you a question, you can not show any reasoning or thinking process but directly provide the answer within <answer> </answer> tags. You need to provide an answer within 10 tokens and you do not need to show your reasoning process about the psychological changes of characters.
Note: You should assume the following.
(1) An agent witnesses everything and every movement before exiting a room.
(2) An agent A can infer another agent B's mental state only if A and B have been in the same room, or have private or public interactions.
<|im_end|>
<|im_start|>user
Read the following story and answer the question. 
Story: Jacob and Elizabeth entered the study.
The apple is in the wallet.
Jacob moved the apple to the tin.
Jacob exited the study.
Elizabeth moved the apple to the bag.
Elizabeth exited the study.
Jacob and Elizabeth entered the waiting_room.
Question: Where does Jacob really think the apple is?
<|im_end|>
<|im_start|>assistant
<answer>",205,"{'A-': 205, 'V': 158, 'QK_C': 190, 'QK_I': 194, 'VK_C': 152, 'VK_I': 155, 'start': 136}"
1,False,"Jack and Elizabeth entered the hall.
The hat is in the jar.
Jack moved the hat to the box.
Jack exited the hall.
Elizabeth moved the hat to the pot.
Elizabeth exited the hall.
Jack and Elizabeth entered the waiting_room.",Where does Jack really think the hat is?,box,"A. jar, B. box, C. pot",jar,pot,"You are a helpful assistant. When the user asks you a question, you can not show any reasoning or thinking process but directly provide the answer within <answer> </answer> tags. You need to provide an answer within 10 tokens and you do not need to show your reasoning process about the psychological changes of characters.
Note: You should assume the following.
(1) An agent witnesses everything and every movement before exiting a room.
(2) An agent A can infer another agent B's mental state only if A and B have been in the same room, or have private or public interactions.
<|im_end|>
<|im_start|>user
Read the following story and answer the question. 
Story: Jack and Elizabeth entered the hall.
The hat is in the jar.
Jack moved the hat to the box.
Jack exited the hall.
Elizabeth moved the hat to the pot.
Elizabeth exited the hall.
Jack and Elizabeth entered the waiting_room.
Question: Where does Jack really think the hat is?
<|im_end|>
<|im_start|>assistant
<answer>",205,"{'A-': 205, 'V': 158, 'QK_C': 190, 'QK_I': 194, 'VK_C': 152, 'VK_I': 155, 'start': 136}"
1,False,"Jackson and Emma entered the hall.
The coat is in the urn.
Jackson moved the coat to the jar.
Jackson exited the hall.
Emma moved the coat to the box.
Emma exited the hall.
Jackson and Emma entered the waiting_room.",Where does Jackson really think the coat is?,jar,"A. urn, B. jar, C. box",urn,box,"You are a helpful assistant. When the user asks you a question, you can not show any reasoning or thinking process but directly provide the answer within <answer> </answer> tags. You need to provide an answer within 10 tokens and you do not need to show your reasoning process about the psychological changes of characters.
Note: You should assume the following.
(1) An agent witnesses everything and every movement before exiting a room.
(2) An agent A can infer another agent B's mental state only if A and B have been in the same room, or have private or public interactions.
<|im_end|>
<|im_start|>user
Read the following story and answer the question. 
Story: Jackson and Emma entered the hall.
The coat is in the urn.
Jackson moved the coat to the jar.
Jackson exited the hall.
Emma moved the coat to the box.
Emma exited the hall.
Jackson and Emma entered the waiting_room.
Question: Where does Jackson really think the coat is?
<|im_end|>
<|im_start|>assistant
<answer>",205,"{'A-': 205, 'V': 158, 'QK_C': 190, 'QK_I': 194, 'VK_C': 152, 'VK_I': 155, 'start': 136}"
1,False,"Emily and William entered the study.
The shirt is in the can.
Emily moved the shirt to the crate.
Emily exited the study.
William moved the shirt to the wallet.
William exited the study.
Emily and William entered the waiting_room.",Where does William really think the shirt is?,wallet,"A. can, B. crate, C. wallet",can,crate,"You are a helpful assistant. When the user asks you a question, you can not show any reasoning or thinking process but directly provide the answer within <answer> </answer> tags. You need to provide an answer within 10 tokens and you do not need to show your reasoning process about the psychological changes of characters.
Note: You should assume the following.
(1) An agent witnesses everything and every movement before exiting a room.
(2) An agent A can infer another agent B's mental state only if A and B have been in the same room, or have private or public interactions.
<|im_end|>
<|im_start|>user
Read the following story and answer the question. 
Story: Emily and William entered the study.
The shirt is in the can.
Emily moved the shirt to the crate.
Emily exited the study.
William moved the shirt to the wallet.
William exited the study.
Emily and William entered the waiting_room.
Question: Where does William really think the shirt is?
<|im_end|>
<|im_start|>assistant
<answer>",205,"{'A-': 205, 'V': 171, 'QK_C': 190, 'QK_I': 194, 'VK_C': 165, 'VK_I': 168, 'start': 136}"
1,False,"James and Emma entered the office.
The banana is in the can.
James moved the banana to the pot.
James exited the office.
Emma moved the banana to the urn.
Emma exited the office.
James and Emma entered the waiting_room.",Where does Emma really think the banana is?,urn,"A. can, B. pot, C. urn",can,pot,"You are a helpful assistant. When the user asks you a question, you can not show any reasoning or thinking process but directly provide the answer within <answer> </answer> tags. You need to provide an answer within 10 tokens and you do not need to show your reasoning process about the psychological changes of characters.
Note: You should assume the following.
(1) An agent witnesses everything and every movement before exiting a room.
(2) An agent A can infer another agent B's mental state only if A and B have been in the same room, or have private or public interactions.
<|im_end|>
<|im_start|>user
Read the following story and answer the question. 
Story: James and Emma entered the office.
The banana is in the can.
James moved the banana to the pot.
James exited the office.
Emma moved the banana to the urn.
Emma exited the office.
James and Emma entered the waiting_room.
Question: Where does Emma really think the banana is?
<|im_end|>
<|im_start|>assistant
<answer>",205,"{'A-': 205, 'V': 171, 'QK_C': 190, 'QK_I': 194, 'VK_C': 165, 'VK_I': 168, 'start': 136}"
1,False,"Emily and Alexander entered the hall.
The coat is in the basket.
Emily moved the coat to the bin.
Emily exited the hall.
Alexander moved the coat to the bag.
Alexander exited the hall.
Emily and Alexander entered the waiting_room.",Where does Emily really think the coat is?,bin,"A. basket, B. bin, C. bag",basket,bag,"You are a helpful assistant. When the user asks you a question, you can not show any reasoning or thinking process but directly provide the answer within <answer> </answer> tags. You need to provide an answer within 10 tokens and you do not need to show your reasoning process about the psychological changes of characters.
Note: You should assume the following.
(1) An agent witnesses everything and every movement before exiting a room.
(2) An agent A can infer another agent B's mental state only if A and B have been in the same room, or have private or public interactions.
<|im_end|>
<|im_start|>user
Read the following story and answer the question. 
Story: Emily and Alexander entered the hall.
The coat is in the basket.
Emily moved the coat to the bin.
Emily exited the hall.
Alexander moved the coat to the bag.
Alexander exited the hall.
Emily and Alexander entered the waiting_room.
Question: Where does Emily really think the coat is?
<|im_end|>
<|im_start|>assistant
<answer>",205,"{'A-': 205, 'V': 158, 'QK_C': 190, 'QK_I': 194, 'VK_C': 152, 'VK_I': 155, 'start': 136}"
1,False,"William and Emma entered the study.
The banana is in the packet.
William moved the banana to the holder.
William exited the study.
Emma moved the banana to the pot.
Emma exited the study.
William and Emma entered the waiting_room.",Where does Emma really think the banana is?,pot,"A. packet, B. holder, C. pot",packet,holder,"You are a helpful assistant. When the user asks you a question, you can not show any reasoning or thinking process but directly provide the answer within <answer> </answer> tags. You need to provide an answer within 10 tokens and you do not need to show your reasoning process about the psychological changes of characters.
Note: You should assume the following.
(1) An agent witnesses everything and every movement before exiting a room.
(2) An agent A can infer another agent B's mental state only if A and B have been in the same room, or have private or public interactions.
<|im_end|>
<|im_start|>user
Read the following story and answer the question. 
Story: William and Emma entered the study.
The banana is in the packet.
William moved the banana to the holder.
William exited the study.
Emma moved the banana to the pot.
Emma exited the study.
William and Emma entered the waiting_room.
Question: Where does Emma really think the banana is?
<|im_end|>
<|im_start|>assistant
<answer>",205,"{'A-': 205, 'V': 171, 'QK_C': 190, 'QK_I': 194, 'VK_C': 165, 'VK_I': 168, 'start': 136}"
1,False,"Emily and Elizabeth entered the study.
The beans is in the case.
Emily moved the beans to the drawer.
Emily exited the study.
Elizabeth moved the beans to the pot.
Elizabeth exited the study.
Emily and Elizabeth entered the waiting_room.",Where does Emily really think the beans is?,drawer,"A. case, B. drawer, C. pot",case,pot,"You are a helpful assistant. When the user asks you a question, you can not show any reasoning or thinking process but directly provide the answer within <answer> </answer> tags. You need to provide an answer within 10 tokens and you do not need to show your reasoning process about the psychological changes of characters.
Note: You should assume the following.
(1) An agent witnesses everything and every movement before exiting a room.
(2) An agent A can infer another agent B's mental state only if A and B have been in the same room, or have private or public interactions.
<|im_end|>
<|im_start|>user
Read the following story and answer the question. 
Story: Emily and Elizabeth entered the study.
The beans is in the case.
Emily moved the beans to the drawer.
Emily exited the study.
Elizabeth moved the beans to the pot.
Elizabeth exited the study.
Emily and Elizabeth entered the waiting_room.
Question: Where does Emily really think the beans is?
<|im_end|>
<|im_start|>assistant
<answer>",205,"{'A-': 205, 'V': 158, 'QK_C': 190, 'QK_I': 194, 'VK_C': 152, 'VK_I': 155, 'start': 136}"
1,False,"Alexander and Elizabeth entered the den.
The belt is in the container.
Alexander moved the belt to the jar.
Alexander exited the den.
Elizabeth moved the belt to the tin.
Elizabeth exited the den.
Alexander and Elizabeth entered the waiting_room.",Where does Alexander really think the belt is?,jar,"A. container, B. jar, C. tin",container,tin,"You are a helpful assistant. When the user asks you a question, you can not show any reasoning or thinking process but directly provide the answer within <answer> </answer> tags. You need to provide an answer within 10 tokens and you do not need to show your reasoning process about the psychological changes of characters.
Note: You should assume the following.
(1) An agent witnesses everything and every movement before exiting a room.
(2) An agent A can infer another agent B's mental state only if A and B have been in the same room, or have private or public interactions.
<|im_end|>
<|im_start|>user
Read the following story and answer the question. 
Story: Alexander and Elizabeth entered the den.
The belt is in the container.
Alexander moved the belt to the jar.
Alexander exited the den.
Elizabeth moved the belt to the tin.
Elizabeth exited the den.
Alexander and Elizabeth entered the waiting_room.
Question: Where does Alexander really think the belt is?
<|im_end|>
<|im_start|>assistant
<answer>",205,"{'A-': 205, 'V': 158, 'QK_C': 190, 'QK_I': 194, 'VK_C': 152, 'VK_I': 155, 'start': 136}"
1,False,"Jackson and Emily entered the office.
The cap is in the container.
Jackson moved the cap to the box.
Jackson exited the office.
Emily moved the cap to the bucket.
Emily exited the office.
Jackson and Emily entered the waiting_room.",Where does Jackson really think the cap is?,box,"A. container, B. box, C. bucket",container,bucket,"You are a helpful assistant. When the user asks you a question, you can not show any reasoning or thinking process but directly provide the answer within <answer> </answer> tags. You need to provide an answer within 10 tokens and you do not need to show your reasoning process about the psychological changes of characters.
Note: You should assume the following.
(1) An agent witnesses everything and every movement before exiting a room.
(2) An agent A can infer another agent B's mental state only if A and B have been in the same room, or have private or public interactions.
<|im_end|>
<|im_start|>user
Read the following story and answer the question. 
Story: Jackson and Emily entered the office.
The cap is in the container.
Jackson moved the cap to the box.
Jackson exited the office.
Emily moved the cap to the bucket.
Emily exited the office.
Jackson and Emily entered the waiting_room.
Question: Where does Jackson really think the cap is?
<|im_end|>
<|im_start|>assistant
<answer>",205,"{'A-': 205, 'V': 158, 'QK_C': 190, 'QK_I': 194, 'VK_C': 152, 'VK_I': 155, 'start': 136}"
1,False,"Charlotte and Alexander entered the den.
The tie is in the wallet.
Charlotte moved the tie to the tin.
Charlotte exited the den.
Alexander moved the tie to the urn.
Alexander exited the den.
Charlotte and Alexander entered the waiting_room.",Where does Alexander really think the tie is?,urn,"A. wallet, B. tin, C. urn",wallet,tin,"You are a helpful assistant. When the user asks you a question, you can not show any reasoning or thinking process but directly provide the answer within <answer> </answer> tags. You need to provide an answer within 10 tokens and you do not need to show your reasoning process about the psychological changes of characters.
Note: You should assume the following.
(1) An agent witnesses everything and every movement before exiting a room.
(2) An agent A can infer another agent B's mental state only if A and B have been in the same room, or have private or public interactions.
<|im_end|>
<|im_start|>user
Read the following story and answer the question. 
Story: Charlotte and Alexander entered the den.
The tie is in the wallet.
Charlotte moved the tie to the tin.
Charlotte exited the den.
Alexander moved the tie to the urn.
Alexander exited the den.
Charlotte and Alexander entered the waiting_room.
Question: Where does Alexander really think the tie is?
<|im_end|>
<|im_start|>assistant
<answer>",205,"{'A-': 205, 'V': 171, 'QK_C': 190, 'QK_I': 194, 'VK_C': 165, 'VK_I': 168, 'start': 136}"
1,False,"James and William entered the office.
The shirt is in the basket.
James moved the shirt to the can.
James exited the office.
William moved the shirt to the urn.
William exited the office.
James and William entered the waiting_room.",Where does William really think the shirt is?,urn,"A. basket, B. can, C. urn",basket,can,"You are a helpful assistant. When the user asks you a question, you can not show any reasoning or thinking process but directly provide the answer within <answer> </answer> tags. You need to provide an answer within 10 tokens and you do not need to show your reasoning process about the psychological changes of characters.
Note: You should assume the following.
(1) An agent witnesses everything and every movement before exiting a room.
(2) An agent A can infer another agent B's mental state only if A and B have been in the same room, or have private or public interactions.
<|im_end|>
<|im_start|>user
Read the following story and answer the question. 
Story: James and William entered the office.
The shirt is in the basket.
James moved the shirt to the can.
James exited the office.
William moved the shirt to the urn.
William exited the office.
James and William entered the waiting_room.
Question: Where does William really think the shirt is?
<|im_end|>
<|im_start|>assistant
<answer>",205,"{'A-': 205, 'V': 171, 'QK_C': 190, 'QK_I': 194, 'VK_C': 165, 'VK_I': 168, 'start': 136}"
1,False,"William and Jackson entered the den.
The belt is in the wallet.
William moved the belt to the holder.
William exited the den.
Jackson moved the belt to the bin.
Jackson exited the den.
William and Jackson entered the waiting_room.",Where does Jackson really think the belt is?,bin,"A. wallet, B. holder, C. bin",wallet,holder,"You are a helpful assistant. When the user asks you a question, you can not show any reasoning or thinking process but directly provide the answer within <answer> </answer> tags. You need to provide an answer within 10 tokens and you do not need to show your reasoning process about the psychological changes of characters.
Note: You should assume the following.
(1) An agent witnesses everything and every movement before exiting a room.
(2) An agent A can infer another agent B's mental state only if A and B have been in the same room, or have private or public interactions.
<|im_end|>
<|im_start|>user
Read the following story and answer the question. 
Story: William and Jackson entered the den.
The belt is in the wallet.
William moved the belt to the holder.
William exited the den.
Jackson moved the belt to the bin.
Jackson exited the den.
William and Jackson entered the waiting_room.
Question: Where does Jackson really think the belt is?
<|im_end|>
<|im_start|>assistant
<answer>",205,"{'A-': 205, 'V': 171, 'QK_C': 190, 'QK_I': 194, 'VK_C': 165, 'VK_I': 168, 'start': 136}"
1,False,"Alexander and Emily entered the hall.
The suit is in the container.
Alexander moved the suit to the holder.
Alexander exited the hall.
Emily moved the suit to the case.
Emily exited the hall.
Alexander and Emily entered the waiting_room.",Where does Emily really think the suit is?,case,"A. container, B. holder, C. case",container,holder,"You are a helpful assistant. When the user asks you a question, you can not show any reasoning or thinking process but directly provide the answer within <answer> </answer> tags. You need to provide an answer within 10 tokens and you do not need to show your reasoning process about the psychological changes of characters.
Note: You should assume the following.
(1) An agent witnesses everything and every movement before exiting a room.
(2) An agent A can infer another agent B's mental state only if A and B have been in the same room, or have private or public interactions.
<|im_end|>
<|im_start|>user
Read the following story and answer the question. 
Story: Alexander and Emily entered the hall.
The suit is in the container.
Alexander moved the suit to the holder.
Alexander exited the hall.
Emily moved the suit to the case.
Emily exited the hall.
Alexander and Emily entered the waiting_room.
Question: Where does Emily really think the suit is?
<|im_end|>
<|im_start|>assistant
<answer>",205,"{'A-': 205, 'V': 171, 'QK_C': 190, 'QK_I': 194, 'VK_C': 165, 'VK_I': 168, 'start': 136}"
1,False,"Jack and Emma entered the den.
The pants is in the container.
Jack moved the pants to the tank.
Jack exited the den.
Emma moved the pants to the pot.
Emma exited the den.
Jack and Emma entered the waiting_room.",Where does Jack really think the pants is?,tank,"A. container, B. tank, C. pot",container,pot,"You are a helpful assistant. When the user asks you a question, you can not show any reasoning or thinking process but directly provide the answer within <answer> </answer> tags. You need to provide an answer within 10 tokens and you do not need to show your reasoning process about the psychological changes of characters.
Note: You should assume the following.
(1) An agent witnesses everything and every movement before exiting a room.
(2) An agent A can infer another agent B's mental state only if A and B have been in the same room, or have private or public interactions.
<|im_end|>
<|im_start|>user
Read the following story and answer the question. 
Story: Jack and Emma entered the den.
The pants is in the container.
Jack moved the pants to the tank.
Jack exited the den.
Emma moved the pants to the pot.
Emma exited the den.
Jack and Emma entered the waiting_room.
Question: Where does Jack really think the pants is?
<|im_end|>
<|im_start|>assistant
<answer>",205,"{'A-': 205, 'V': 158, 'QK_C': 190, 'QK_I': 194, 'VK_C': 152, 'VK_I': 155, 'start': 136}"
1,False,"Alexander and William entered the study.
The lime is in the pot.
Alexander moved the lime to the tank.
Alexander exited the study.
William moved the lime to the bag.
William exited the study.
Alexander and William entered the waiting_room.",Where does William really think the lime is?,bag,"A. pot, B. tank, C. bag",pot,tank,"You are a helpful assistant. When the user asks you a question, you can not show any reasoning or thinking process but directly provide the answer within <answer> </answer> tags. You need to provide an answer within 10 tokens and you do not need to show your reasoning process about the psychological changes of characters.
Note: You should assume the following.
(1) An agent witnesses everything and every movement before exiting a room.
(2) An agent A can infer another agent B's mental state only if A and B have been in the same room, or have private or public interactions.
<|im_end|>
<|im_start|>user
Read the following story and answer the question. 
Story: Alexander and William entered the study.
The lime is in the pot.
Alexander moved the lime to the tank.
Alexander exited the study.
William moved the lime to the bag.
William exited the study.
Alexander and William entered the waiting_room.
Question: Where does William really think the lime is?
<|im_end|>
<|im_start|>assistant
<answer>",205,"{'A-': 205, 'V': 171, 'QK_C': 190, 'QK_I': 194, 'VK_C': 165, 'VK_I': 168, 'start': 136}"
1,False,"Emma and Charlotte entered the office.
The apple is in the wallet.
Emma moved the apple to the pot.
Emma exited the office.
Charlotte moved the apple to the crate.
Charlotte exited the office.
Emma and Charlotte entered the waiting_room.",Where does Charlotte really think the apple is?,crate,"A. wallet, B. pot, C. crate",wallet,pot,"You are a helpful assistant. When the user asks you a question, you can not show any reasoning or thinking process but directly provide the answer within <answer> </answer> tags. You need to provide an answer within 10 tokens and you do not need to show your reasoning process about the psychological changes of characters.
Note: You should assume the following.
(1) An agent witnesses everything and every movement before exiting a room.
(2) An agent A can infer another agent B's mental state only if A and B have been in the same room, or have private or public interactions.
<|im_end|>
<|im_start|>user
Read the following story and answer the question. 
Story: Emma and Charlotte entered the office.
The apple is in the wallet.
Emma moved the apple to the pot.
Emma exited the office.
Charlotte moved the apple to the crate.
Charlotte exited the office.
Emma and Charlotte entered the waiting_room.
Question: Where does Charlotte really think the apple is?
<|im_end|>
<|im_start|>assistant
<answer>",205,"{'A-': 205, 'V': 171, 'QK_C': 190, 'QK_I': 194, 'VK_C': 165, 'VK_I': 168, 'start': 136}"
1,False,"James and Jack entered the hall.
The apple is in the jar.
James moved the apple to the tank.
James exited the hall.
Jack moved the apple to the bin.
Jack exited the hall.
James and Jack entered the waiting_room.",Where does Jack really think the apple is?,bin,"A. jar, B. tank, C. bin",jar,tank,"You are a helpful assistant. When the user asks you a question, you can not show any reasoning or thinking process but directly provide the answer within <answer> </answer> tags. You need to provide an answer within 10 tokens and you do not need to show your reasoning process about the psychological changes of characters.
Note: You should assume the following.
(1) An agent witnesses everything and every movement before exiting a room.
(2) An agent A can infer another agent B's mental state only if A and B have been in the same room, or have private or public interactions.
<|im_end|>
<|im_start|>user
Read the following story and answer the question. 
Story: James and Jack entered the hall.
The apple is in the jar.
James moved the apple to the tank.
James exited the hall.
Jack moved the apple to the bin.
Jack exited the hall.
James and Jack entered the waiting_room.
Question: Where does Jack really think the apple is?
<|im_end|>
<|im_start|>assistant
<answer>",205,"{'A-': 205, 'V': 171, 'QK_C': 190, 'QK_I': 194, 'VK_C': 165, 'VK_I': 168, 'start': 136}"
